$date
	Wed Feb 11 13:34:34 2026
$end
$version
	QuestaSim Version 2021.3_2
$end
$timescale
	1ps
$end

$scope module random_tb_top $end
$var reg 1 ! clk $end
$var reg 1 " rst $end
$var reg 32 # harm_btn [31:0] $end
$var reg 32 $ harm_bev [31:0] $end

$scope module intf $end
$var wire 1 % clk $end
$var wire 1 & rst $end
$var reg 32 ' coin_in [31:0] $end
$var reg 32 ( button_in [31:0] $end
$var reg 32 ) change_out [31:0] $end
$var reg 32 * beverage_out [31:0] $end
$upscope $end

$scope module dut $end
$var parameter 32 + N $end
$var parameter 32 , M $end
$var parameter 32 - COST_WATER $end
$var parameter 32 . COST_SODA $end
$var parameter 32 / MIN_COST $end
$var wire 1 % clk $end
$var wire 1 & rst $end
$var wire 1 0 coin_in [31] $end
$var wire 1 1 coin_in [30] $end
$var wire 1 2 coin_in [29] $end
$var wire 1 3 coin_in [28] $end
$var wire 1 4 coin_in [27] $end
$var wire 1 5 coin_in [26] $end
$var wire 1 6 coin_in [25] $end
$var wire 1 7 coin_in [24] $end
$var wire 1 8 coin_in [23] $end
$var wire 1 9 coin_in [22] $end
$var wire 1 : coin_in [21] $end
$var wire 1 ; coin_in [20] $end
$var wire 1 < coin_in [19] $end
$var wire 1 = coin_in [18] $end
$var wire 1 > coin_in [17] $end
$var wire 1 ? coin_in [16] $end
$var wire 1 @ coin_in [15] $end
$var wire 1 A coin_in [14] $end
$var wire 1 B coin_in [13] $end
$var wire 1 C coin_in [12] $end
$var wire 1 D coin_in [11] $end
$var wire 1 E coin_in [10] $end
$var wire 1 F coin_in [9] $end
$var wire 1 G coin_in [8] $end
$var wire 1 H coin_in [7] $end
$var wire 1 I coin_in [6] $end
$var wire 1 J coin_in [5] $end
$var wire 1 K coin_in [4] $end
$var wire 1 L coin_in [3] $end
$var wire 1 M coin_in [2] $end
$var wire 1 N coin_in [1] $end
$var wire 1 O coin_in [0] $end
$var wire 1 P button_in [31] $end
$var wire 1 Q button_in [30] $end
$var wire 1 R button_in [29] $end
$var wire 1 S button_in [28] $end
$var wire 1 T button_in [27] $end
$var wire 1 U button_in [26] $end
$var wire 1 V button_in [25] $end
$var wire 1 W button_in [24] $end
$var wire 1 X button_in [23] $end
$var wire 1 Y button_in [22] $end
$var wire 1 Z button_in [21] $end
$var wire 1 [ button_in [20] $end
$var wire 1 \ button_in [19] $end
$var wire 1 ] button_in [18] $end
$var wire 1 ^ button_in [17] $end
$var wire 1 _ button_in [16] $end
$var wire 1 ` button_in [15] $end
$var wire 1 a button_in [14] $end
$var wire 1 b button_in [13] $end
$var wire 1 c button_in [12] $end
$var wire 1 d button_in [11] $end
$var wire 1 e button_in [10] $end
$var wire 1 f button_in [9] $end
$var wire 1 g button_in [8] $end
$var wire 1 h button_in [7] $end
$var wire 1 i button_in [6] $end
$var wire 1 j button_in [5] $end
$var wire 1 k button_in [4] $end
$var wire 1 l button_in [3] $end
$var wire 1 m button_in [2] $end
$var wire 1 n button_in [1] $end
$var wire 1 o button_in [0] $end
$var reg 32 p change_out [31:0] $end
$var reg 32 q beverage_out [31:0] $end
$var integer 32 r current_state $end
$var reg 32 s credit [31:0] $end
$var reg 32 t timer [31:0] $end
$var reg 32 u selected_bev [31:0] $end
$upscope $end
$upscope $end
$enddefinitions $end
#0
$dumpvars
0!
1"
b0 '
b0 (
b0 )
b0 *
b0 p
b0 q
b0 s
b0 t
b0 u
b0 #
b0 $
b10 +
b10 ,
b11110 -
b110010 .
b11110 /
b0 r
0%
1&
0O
0N
0M
0L
0K
0J
0I
0H
0G
0F
0E
0D
0C
0B
0A
0@
0?
0>
0=
0<
0;
0:
09
08
07
06
05
04
03
02
01
00
0o
0n
0m
0l
0k
0j
0i
0h
0g
0f
0e
0d
0c
0b
0a
0`
0_
0^
0]
0\
0[
0Z
0Y
0X
0W
0V
0U
0T
0S
0R
0Q
0P
$end
#5000
1!
1%
#10000
0!
0%
#15000
1!
1%
#20000
0"
0!
0&
0%
#25000
1!
1%
b1010 '
1N
1L
#30000
0!
0%
#35000
1!
1%
b1010 s
b11001000 '
0N
1I
1H
#40000
0!
0%
#45000
1!
1%
b11010010 s
b110010 '
1N
0L
1K
1J
0I
0H
#50000
0!
0%
#55000
1!
1%
b100000100 s
b1010 '
1L
0K
0J
#60000
0!
0%
#65000
1!
1%
b100001110 s
b11001000 '
0N
1I
1H
#70000
0!
0%
#75000
1!
1%
b111010110 s
b10100 '
1M
0L
1K
0I
0H
#80000
0!
0%
#85000
1!
1%
b111101010 s
#90000
0!
0%
#95000
1!
1%
b111111110 s
#100000
0!
0%
#105000
1!
1%
b1000010010 s
#110000
0!
0%
#115000
1!
1%
b1000100110 s
b110010 '
1N
0M
1J
#120000
0!
0%
#125000
1!
1%
b1001011000 s
b1010 '
b10 (
b10 #
1n
1L
0K
0J
#130000
0!
0%
#135000
1!
1%
b1001100010 s
b1000100110 s
b10 u
b10 t
b1 r
b0 (
b0 #
0n
#140000
0!
0%
#145000
1!
1%
b1 t
b10100 '
b1 (
b1 #
1o
0N
1M
0L
1K
#150000
0!
0%
#155000
1!
1%
b0 t
b0 (
b0 #
0o
#160000
0!
0%
#165000
1!
1%
b10 q
b0 r
b110010 '
b10 (
b10 #
b10 *
1n
1N
0M
1J
b10 $
#170000
0!
0%
#175000
1!
1%
b0 q
b1001011000 s
b111110100 s
b10 t
b1 r
b0 (
b0 #
b0 *
0n
b0 $
#180000
0!
0%
#185000
1!
1%
b1 t
b1010 '
1L
0K
0J
#190000
0!
0%
#195000
1!
1%
b0 t
b1100100 '
0N
1M
0L
1J
1I
#200000
0!
0%
#205000
1!
1%
b10 q
b0 r
b11001000 '
b10 *
0M
1L
0J
1H
b10 $
#210000
0!
0%
#215000
1!
1%
b0 q
b1010111100 s
b1010 '
b0 *
1N
0I
0H
b0 $
#220000
0!
0%
#225000
1!
1%
b1011000110 s
b11001000 '
0N
1I
1H
#230000
0!
0%
#235000
1!
1%
b1110001110 s
b110010 '
b10 (
b10 #
1n
1N
0L
1K
1J
0I
0H
#240000
0!
0%
#245000
1!
1%
b1111000000 s
b1101011100 s
b10 t
b1 r
b0 (
b0 #
0n
#250000
0!
0%
#255000
1!
1%
b1 t
b1100100 '
0N
1M
0K
1I
#260000
0!
0%
#265000
1!
1%
b0 t
#270000
0!
0%
#275000
1!
1%
b10 q
b0 r
b11001000 '
b1 (
b1 #
b10 *
1o
0M
1L
0J
1H
b10 $
#280000
0!
0%
#285000
1!
1%
b0 q
b10000100100 s
b1100111110 s
b1 u
b10 t
b1 r
b1010 '
b0 (
b0 #
b0 *
0o
1N
0I
0H
b0 $
#290000
0!
0%
#295000
1!
1%
b1 t
b10100 '
b1 (
b1 #
1o
0N
1M
0L
1K
#300000
0!
0%
#305000
1!
1%
b0 t
b0 (
b0 #
0o
#310000
0!
0%
#315000
1!
1%
b1 q
b0 r
b1010 '
b1 *
1N
0M
1L
0K
b1 $
#320000
0!
0%
#325000
1!
1%
b0 q
b1101001000 s
b11001000 '
b0 *
0N
1I
1H
b0 $
#330000
0!
0%
#335000
1!
1%
b10000010000 s
b1100100 '
1M
0L
1J
0H
#340000
0!
0%
#345000
1!
1%
b10001110100 s
b110010 '
1N
0M
1K
0I
#350000
0!
0%
#355000
1!
1%
b10010100110 s
b1010 '
1L
0K
0J
#360000
0!
0%
#365000
1!
1%
b10010110000 s
b11001000 '
0N
1I
1H
#370000
0!
0%
#375000
1!
1%
b10101111000 s
b1100100 '
1M
0L
1J
0H
#380000
0!
0%
#385000
1!
1%
b10111011100 s
b10100 '
b1 (
b1 #
1o
1K
0J
0I
#390000
0!
0%
#395000
1!
1%
b10111110000 s
b10110111110 s
b10 t
b1 r
b1100100 '
b0 (
b0 #
0o
0K
1J
1I
#400000
0!
0%
#405000
1!
1%
b1 t
b11001000 '
b1 (
b1 #
1o
0M
1L
0J
1H
#410000
0!
0%
#415000
1!
1%
b0 t
b1010 '
b0 (
b0 #
0o
1N
0I
0H
#420000
0!
0%
#425000
1!
1%
b1 q
b0 r
b0 '
b1 (
b1 #
b1 *
1o
0N
0L
b1 $
#430000
0!
0%
#435000
1!
1%
b0 q
b10110100000 s
b10 t
b1 r
b110010 '
b0 (
b0 #
b0 *
0o
1N
1K
1J
b0 $
#440000
0!
0%
#445000
1!
1%
b1 t
b0 '
b10 (
b10 #
1n
0N
0K
0J
#450000
0!
0%
#455000
1!
1%
b0 t
b1100100 '
1M
1J
1I
#460000
0!
0%
#465000
1!
1%
b1 q
b0 r
b1010 '
b0 (
b0 #
b1 *
0n
1N
0M
1L
0J
0I
b1 $
#470000
0!
0%
#475000
1!
1%
b0 q
b10110101010 s
b110010 '
b0 *
0L
1K
1J
b0 $
#480000
0!
0%
#485000
1!
1%
b10111011100 s
b1100100 '
b10 (
b10 #
1n
0N
1M
0K
1I
#490000
0!
0%
#495000
1!
1%
b11001000000 s
b10110101010 s
b10 u
b10 t
b1 r
b10100 '
b0 (
b0 #
0n
1K
0J
0I
#500000
0!
0%
#505000
1!
1%
b1 t
b1100100 '
0K
1J
1I
#510000
0!
0%
#515000
1!
1%
b0 t
b11001000 '
b1 (
b1 #
1o
0M
1L
0J
1H
#520000
0!
0%
#525000
1!
1%
b10 q
b0 r
b10100 '
b10 *
1M
0L
1K
0I
0H
b10 $
#530000
0!
0%
#535000
1!
1%
b0 q
b10110111110 s
b10110001100 s
b1 u
b10 t
b1 r
b1100100 '
b0 (
b0 #
b0 *
0o
0K
1J
1I
b0 $
#540000
0!
0%
#545000
1!
1%
b1 t
b1010 '
1N
0M
1L
0J
0I
#550000
0!
0%
#555000
1!
1%
b0 t
b1100100 '
0N
1M
0L
1J
1I
#560000
0!
0%
#565000
1!
1%
b1 q
b0 r
b110010 '
b1 *
1N
0M
1K
0I
b1 $
#570000
0!
0%
#575000
1!
1%
b0 q
b10110111110 s
b11001000 '
b0 *
0N
1L
0K
0J
1I
1H
b0 $
#580000
0!
0%
#585000
1!
1%
b11010000110 s
b1010 '
1N
0I
0H
#590000
0!
0%
#595000
1!
1%
b11010010000 s
b1100100 '
0N
1M
0L
1J
1I
#600000
0!
0%
#605000
1!
1%
b11011110100 s
b10100 '
1K
0J
0I
#610000
0!
0%
#615000
1!
1%
b11100001000 s
#620000
0!
0%
#625000
1!
1%
b11100011100 s
#630000
0!
0%
#635000
1!
1%
b11100110000 s
b110010 '
1N
0M
1J
#640000
0!
0%
#645000
1!
1%
b11101100010 s
b10100 '
b10 (
b10 #
1n
0N
1M
0J
#650000
0!
0%
#655000
1!
1%
b11101110110 s
b11100110000 s
b10 u
b10 t
b1 r
b0 (
b0 #
0n
#660000
0!
0%
#665000
1!
1%
b1 t
b110010 '
1N
0M
1J
#670000
0!
0%
#675000
1!
1%
b0 t
#680000
0!
0%
#685000
1!
1%
b10 q
b0 r
b11001000 '
b10 *
0N
1L
0K
0J
1I
1H
b10 $
#690000
0!
0%
#695000
1!
1%
b0 q
b11111111000 s
b1100100 '
b0 *
1M
0L
1J
0H
b0 $
#700000
0!
0%
#705000
1!
1%
b100001011100 s
b10100 '
1K
0J
0I
#710000
0!
0%
#715000
1!
1%
b100001110000 s
b1010 '
1N
0M
1L
0K
#720000
0!
0%
#725000
1!
1%
b100001111010 s
b110010 '
0L
1K
1J
#730000
0!
0%
#735000
1!
1%
b100010101100 s
b1010 '
1L
0K
0J
#740000
0!
0%
#745000
1!
1%
b100010110110 s
b1100100 '
0N
1M
0L
1J
1I
#750000
0!
0%
#755000
1!
1%
b100100011010 s
b11001000 '
b1 (
b1 #
1o
0M
1L
0J
1H
#760000
0!
0%
#765000
1!
1%
b100111100010 s
b100011111100 s
b1 u
b10 t
b1 r
b0 (
b0 #
0o
#770000
0!
0%
#775000
1!
1%
b1 t
#780000
0!
0%
#785000
1!
1%
b0 t
b1100100 '
1M
0L
1J
0H
#790000
0!
0%
#795000
1!
1%
b1 q
b0 r
b110010 '
b1 *
1N
0M
1K
0I
b1 $
#800000
0!
0%
#805000
1!
1%
b0 q
b100100101110 s
b11001000 '
b0 *
0N
1L
0K
0J
1I
1H
b0 $
#810000
0!
0%
#815000
1!
1%
b100111110110 s
b10100 '
1M
0L
1K
0I
0H
#820000
0!
0%
#825000
1!
1%
b101000001010 s
b11001000 '
0M
1L
0K
1I
1H
#830000
0!
0%
#835000
1!
1%
b101011010010 s
b1010 '
1N
0I
0H
#840000
0!
0%
#845000
1!
1%
b101011011100 s
b10100 '
0N
1M
0L
1K
#850000
0!
0%
#855000
1!
1%
b101011110000 s
b1010 '
1N
0M
1L
0K
#860000
0!
0%
#865000
1!
1%
b101011111010 s
b10100 '
0N
1M
0L
1K
#870000
0!
0%
#875000
1!
1%
b101100001110 s
b110010 '
1N
0M
1J
#880000
0!
0%
#885000
1!
1%
b101101000000 s
b1100100 '
0N
1M
0K
1I
#890000
0!
0%
#895000
1!
1%
b101110100100 s
#900000
0!
0%
#905000
1!
1%
b110000001000 s
b1010 '
1N
0M
1L
0J
0I
#910000
0!
0%
#915000
1!
1%
b110000010010 s
b1100100 '
b1 (
b1 #
1o
0N
1M
0L
1J
1I
#920000
0!
0%
#925000
1!
1%
b110001110110 s
b101111110100 s
b10 t
b1 r
b10100 '
b0 (
b0 #
0o
1K
0J
0I
#930000
0!
0%
#935000
1!
1%
b1 t
b1010 '
1N
0M
1L
0K
#940000
0!
0%
#945000
1!
1%
b0 t
b110010 '
b10 (
b10 #
1n
0L
1K
1J
#950000
0!
0%
#955000
1!
1%
b1 q
b0 r
b0 (
b0 #
b1 *
0n
b1 $
#960000
0!
0%
#965000
1!
1%
b0 q
b110000100110 s
b10100 '
b0 *
0N
1M
0J
b0 $
#970000
0!
0%
#975000
1!
1%
b110000111010 s
b1010 '
1N
0M
1L
0K
#980000
0!
0%
#985000
1!
1%
b110001000100 s
#990000
0!
0%
#995000
1!
1%
b110001001110 s
b10100 '
b1 (
b1 #
1o
0N
1M
0L
1K
#1000000
0!
0%
#1005000
1!
1%
b110001100010 s
b110000110000 s
b10 t
b1 r
b1010 '
1N
0M
1L
0K
#1010000
0!
0%
#1015000
1!
1%
b1 t
b110010 '
b0 (
b0 #
0o
0L
1K
1J
#1020000
0!
0%
#1025000
1!
1%
b0 t
b11001000 '
0N
1L
0K
0J
1I
1H
#1030000
0!
0%
#1035000
1!
1%
b1 q
b0 r
b1010 '
b1 (
b1 #
b1 *
1o
1N
0I
0H
b1 $
#1040000
0!
0%
#1045000
1!
1%
b0 q
b110000111010 s
b110000010010 s
b10 t
b1 r
b11001000 '
b0 (
b0 #
b0 *
0o
0N
1I
1H
b0 $
#1050000
0!
0%
#1055000
1!
1%
b1 t
b1010 '
b10 (
b10 #
1n
1N
0I
0H
#1060000
0!
0%
#1065000
1!
1%
b0 t
b110010 '
b0 (
b0 #
0n
0L
1K
1J
#1070000
0!
0%
#1075000
1!
1%
b1 q
b0 r
b1 *
b1 $
#1080000
0!
0%
#1085000
1!
1%
b0 q
b110001000100 s
b1 (
b1 #
b0 *
1o
b0 $
#1090000
0!
0%
#1095000
1!
1%
b110001110110 s
b110000100110 s
b10 t
b1 r
b1010 '
b0 (
b0 #
0o
1L
0K
0J
#1100000
0!
0%
#1105000
1!
1%
b1 t
b110010 '
0L
1K
1J
#1110000
0!
0%
#1115000
1!
1%
b0 t
b1100100 '
0N
1M
0K
1I
#1120000
0!
0%
#1125000
1!
1%
b1 q
b0 r
b1010 '
b1 *
1N
0M
1L
0J
0I
b1 $
#1130000
0!
0%
#1135000
1!
1%
b0 q
b110000110000 s
b110010 '
b0 *
0L
1K
1J
b0 $
#1140000
0!
0%
#1145000
1!
1%
b110001100010 s
b1100100 '
0N
1M
0K
1I
#1150000
0!
0%
#1155000
1!
1%
b110011000110 s
b1010 '
1N
0M
1L
0J
0I
#1160000
0!
0%
#1165000
1!
1%
b110011010000 s
b11001000 '
0N
1I
1H
#1170000
0!
0%
#1175000
1!
1%
b110110011000 s
b10 (
b10 #
1n
#1180000
0!
0%
#1185000
1!
1%
b111001100000 s
b110101100110 s
b10 u
b10 t
b1 r
b0 (
b0 #
0n
#1190000
0!
0%
#1195000
1!
1%
b1 t
b1100100 '
1M
0L
1J
0H
#1200000
0!
0%
#1205000
1!
1%
b0 t
b10100 '
b1 (
b1 #
1o
1K
0J
0I
#1210000
0!
0%
#1215000
1!
1%
b10 q
b0 r
b1100100 '
b10 *
0K
1J
1I
b10 $
#1220000
0!
0%
#1225000
1!
1%
b0 q
b110111001010 s
b110101001000 s
b1 u
b10 t
b1 r
b1010 '
b0 (
b0 #
b0 *
0o
1N
0M
1L
0J
0I
b0 $
#1230000
0!
0%
#1235000
1!
1%
b1 t
b11001000 '
0N
1I
1H
#1240000
0!
0%
#1245000
1!
1%
b0 t
b1100100 '
1M
0L
1J
0H
#1250000
0!
0%
#1255000
1!
1%
b1 q
b0 r
b110010 '
b1 *
1N
0M
1K
0I
b1 $
#1260000
0!
0%
#1265000
1!
1%
b0 q
b110101111010 s
b11001000 '
b0 *
0N
1L
0K
0J
1I
1H
b0 $
#1270000
0!
0%
#1275000
1!
1%
b111001000010 s
b10100 '
b1 (
b1 #
1o
1M
0L
1K
0I
0H
#1280000
0!
0%
#1285000
1!
1%
b111001010110 s
b111000100100 s
b10 t
b1 r
b11001000 '
b0 (
b0 #
0o
0M
1L
0K
1I
1H
#1290000
0!
0%
#1295000
1!
1%
b1 t
b1100100 '
1M
0L
1J
0H
#1300000
0!
0%
#1305000
1!
1%
b0 t
b110010 '
1N
0M
1K
0I
#1310000
0!
0%
#1315000
1!
1%
b1 q
b0 r
b10100 '
b1 *
0N
1M
0J
b1 $
#1320000
0!
0%
#1325000
1!
1%
b0 q
b111000111000 s
b110010 '
b0 *
1N
0M
1J
b0 $
#1330000
0!
0%
#1335000
1!
1%
b111001101010 s
#1340000
0!
0%
#1345000
1!
1%
b111010011100 s
b11001000 '
0N
1L
0K
0J
1I
1H
#1350000
0!
0%
#1355000
1!
1%
b111101100100 s
b1100100 '
b10 (
b10 #
1n
1M
0L
1J
0H
#1360000
0!
0%
#1365000
1!
1%
b111111001000 s
b111100110010 s
b10 u
b10 t
b1 r
b10100 '
b0 (
b0 #
0n
1K
0J
0I
#1370000
0!
0%
#1375000
1!
1%
b1 t
b110010 '
1N
0M
1J
#1380000
0!
0%
#1385000
1!
1%
b0 t
b1100100 '
0N
1M
0K
1I
#1390000
0!
0%
#1395000
1!
1%
b10 q
b0 r
b1 (
b1 #
b10 *
1o
b10 $
#1400000
0!
0%
#1405000
1!
1%
b0 q
b111110010110 s
b111100010100 s
b1 u
b10 t
b1 r
b11001000 '
b0 (
b0 #
b0 *
0o
0M
1L
0J
1H
b0 $
#1410000
0!
0%
#1415000
1!
1%
b1 t
b110010 '
1N
0L
1K
1J
0I
0H
#1420000
0!
0%
#1425000
1!
1%
b0 t
b11001000 '
0N
1L
0K
0J
1I
1H
#1430000
0!
0%
#1435000
1!
1%
b1 q
b0 r
b1 *
b1 $
#1440000
0!
0%
#1445000
1!
1%
b0 q
b111111011100 s
b1010 '
b0 *
1N
0I
0H
b0 $
#1450000
0!
0%
#1455000
1!
1%
b111111100110 s
b110010 '
0L
1K
1J
#1460000
0!
0%
#1465000
1!
1%
b1000000011000 s
b1010 '
1L
0K
0J
#1470000
0!
0%
#1475000
1!
1%
b1000000100010 s
#1480000
0!
0%
#1485000
1!
1%
b1000000101100 s
b1 (
b1 #
1o
#1490000
0!
0%
#1495000
1!
1%
b1000000110110 s
b1000000001110 s
b10 t
b1 r
b110010 '
b0 (
b0 #
0o
0L
1K
1J
#1500000
0!
0%
#1505000
1!
1%
b1 t
b0 '
0N
0K
0J
#1510000
0!
0%
#1515000
1!
1%
b0 t
b10100 '
b1 (
b1 #
1o
1M
1K
#1520000
0!
0%
#1525000
1!
1%
b1 q
b0 r
b1010 '
b0 (
b0 #
b1 *
0o
1N
0M
1L
0K
b1 $
#1530000
0!
0%
#1535000
1!
1%
b0 q
b1000000011000 s
b110010 '
b0 *
0L
1K
1J
b0 $
#1540000
0!
0%
#1545000
1!
1%
b1000001001010 s
b11001000 '
0N
1L
0K
0J
1I
1H
#1550000
0!
0%
#1555000
1!
1%
b1000100010010 s
b1010 '
1N
0I
0H
#1560000
0!
0%
#1565000
1!
1%
b1000100011100 s
b10 (
b10 #
1n
#1570000
0!
0%
#1575000
1!
1%
b1000100100110 s
b1000011101010 s
b10 u
b10 t
b1 r
b11001000 '
b0 (
b0 #
0n
0N
1I
1H
#1580000
0!
0%
#1585000
1!
1%
b1 t
#1590000
0!
0%
#1595000
1!
1%
b0 t
b1010 '
1N
0I
0H
#1600000
0!
0%
#1605000
1!
1%
b10 q
b0 r
b110010 '
b10 *
0L
1K
1J
b10 $
#1610000
0!
0%
#1615000
1!
1%
b0 q
b1000100011100 s
b10100 '
b0 *
0N
1M
0J
b0 $
#1620000
0!
0%
#1625000
1!
1%
b1000100110000 s
b11001000 '
b1 (
b1 #
1o
0M
1L
0K
1I
1H
#1630000
0!
0%
#1635000
1!
1%
b1000111111000 s
b1000100010010 s
b1 u
b10 t
b1 r
b1100100 '
b0 (
b0 #
0o
1M
0L
1J
0H
#1640000
0!
0%
#1645000
1!
1%
b1 t
b11001000 '
0M
1L
0J
1H
#1650000
0!
0%
#1655000
1!
1%
b0 t
b10100 '
1M
0L
1K
0I
0H
#1660000
0!
0%
#1665000
1!
1%
b1 q
b0 r
b110010 '
b1 *
1N
0M
1J
b1 $
#1670000
0!
0%
#1675000
1!
1%
b0 q
b1000101000100 s
b0 *
b0 $
#1680000
0!
0%
#1685000
1!
1%
b1000101110110 s
b1010 '
1L
0K
0J
#1690000
0!
0%
#1695000
1!
1%
b1000110000000 s
b10100 '
0N
1M
0L
1K
#1700000
0!
0%
#1705000
1!
1%
b1000110010100 s
#1710000
0!
0%
#1715000
1!
1%
b1000110101000 s
b110010 '
1N
0M
1J
#1720000
0!
0%
#1725000
1!
1%
b1000111011010 s
b1100100 '
0N
1M
0K
1I
#1730000
0!
0%
#1735000
1!
1%
b1001000111110 s
b10 (
b10 #
1n
#1740000
0!
0%
#1745000
1!
1%
b1001010100010 s
b1001000001100 s
b10 u
b10 t
b1 r
b0 '
0M
0J
0I
#1750000
0!
0%
#1755000
1!
1%
b1 t
b10100 '
b0 (
b0 #
0n
1M
1K
#1760000
0!
0%
#1765000
1!
1%
b0 t
b110010 '
1N
0M
1J
#1770000
0!
0%
#1775000
1!
1%
b10 q
b0 r
b1100100 '
b10 *
0N
1M
0K
1I
b10 $
#1780000
0!
0%
#1785000
1!
1%
b0 q
b1001001110000 s
b11001000 '
b0 *
0M
1L
0J
1H
b0 $
#1790000
0!
0%
#1795000
1!
1%
b1001100111000 s
b10100 '
1M
0L
1K
0I
0H
#1800000
0!
0%
#1805000
1!
1%
b1001101001100 s
b11001000 '
0M
1L
0K
1I
1H
#1810000
0!
0%
#1815000
1!
1%
b1010000010100 s
b1100100 '
b1 (
b1 #
1o
1M
0L
1J
0H
#1820000
0!
0%
#1825000
1!
1%
b1010001111000 s
b1001111110110 s
b1 u
b10 t
b1 r
b0 (
b0 #
0o
#1830000
0!
0%
#1835000
1!
1%
b1 t
b11001000 '
0M
1L
0J
1H
#1840000
0!
0%
#1845000
1!
1%
b0 t
#1850000
0!
0%
#1855000
1!
1%
b1 q
b0 r
b10 (
b10 #
b1 *
1n
b1 $
#1860000
0!
0%
#1865000
1!
1%
b0 q
b1010010111110 s
b1001111000100 s
b10 u
b10 t
b1 r
b10100 '
b0 (
b0 #
b0 *
0n
1M
0L
1K
0I
0H
b0 $
#1870000
0!
0%
#1875000
1!
1%
b1 t
b1010 '
1N
0M
1L
0K
#1880000
0!
0%
#1885000
1!
1%
b0 t
b1100100 '
0N
1M
0L
1J
1I
#1890000
0!
0%
#1895000
1!
1%
b10 q
b0 r
b110010 '
b10 *
1N
0M
1K
0I
b10 $
#1900000
0!
0%
#1905000
1!
1%
b0 q
b1001111110110 s
b0 *
b0 $
#1910000
0!
0%
#1915000
1!
1%
b1010000101000 s
b1010 '
1L
0K
0J
#1920000
0!
0%
#1925000
1!
1%
b1010000110010 s
b1100100 '
b1 (
b1 #
1o
0N
1M
0L
1J
1I
#1930000
0!
0%
#1935000
1!
1%
b1010010010110 s
b1010000010100 s
b1 u
b10 t
b1 r
b11001000 '
b0 (
b0 #
0o
0M
1L
0J
1H
#1940000
0!
0%
#1945000
1!
1%
b1 t
b1010 '
b10 (
b10 #
1n
1N
0I
0H
#1950000
0!
0%
#1955000
1!
1%
b0 t
b11001000 '
0N
1I
1H
#1960000
0!
0%
#1965000
1!
1%
b1 q
b0 r
b0 (
b0 #
b1 *
0n
b1 $
#1970000
0!
0%
#1975000
1!
1%
b0 q
b1010011011100 s
b1010 '
b0 *
1N
0I
0H
b0 $
#1980000
0!
0%
#1985000
1!
1%
b1010011100110 s
b11001000 '
0N
1I
1H
#1990000
0!
0%
#1995000
1!
1%
b1010110101110 s
b1010 '
1N
0I
0H
#2000000
0!
0%
#2005000
1!
1%
b1010110111000 s
b10100 '
0N
1M
0L
1K
#2010000
0!
0%
#2015000
1!
1%
b1010111001100 s
b11001000 '
0M
1L
0K
1I
1H
#2020000
0!
0%
#2025000
1!
1%
b1011010010100 s
b1010 '
1N
0I
0H
#2030000
0!
0%
#2035000
1!
1%
b1011010011110 s
#2040000
0!
0%
#2045000
1!
1%
b1011010101000 s
b10100 '
0N
1M
0L
1K
#2050000
0!
0%
#2055000
1!
1%
b1011010111100 s
b1010 '
b10 (
b10 #
1n
1N
0M
1L
0K
#2060000
0!
0%
#2065000
1!
1%
b1011011000110 s
b1011010001010 s
b10 u
b10 t
b1 r
b1100100 '
b0 (
b0 #
0n
0N
1M
0L
1J
1I
#2070000
0!
0%
#2075000
1!
1%
b1 t
b1010 '
1N
0M
1L
0J
0I
#2080000
0!
0%
#2085000
1!
1%
b0 t
b11001000 '
0N
1I
1H
#2090000
0!
0%
#2095000
1!
1%
b10 q
b0 r
b10 *
b10 $
#2100000
0!
0%
#2105000
1!
1%
b0 q
b1011101010010 s
b1010 '
b0 *
1N
0I
0H
b0 $
#2110000
0!
0%
#2115000
1!
1%
b1011101011100 s
b11001000 '
0N
1I
1H
#2120000
0!
0%
#2125000
1!
1%
b1100000100100 s
b10100 '
1M
0L
1K
0I
0H
#2130000
0!
0%
#2135000
1!
1%
b1100000111000 s
b110010 '
1N
0M
1J
#2140000
0!
0%
#2145000
1!
1%
b1100001101010 s
b1100100 '
0N
1M
0K
1I
#2150000
0!
0%
#2155000
1!
1%
b1100011001110 s
b1010 '
1N
0M
1L
0J
0I
#2160000
0!
0%
#2165000
1!
1%
b1100011011000 s
b110010 '
0L
1K
1J
#2170000
0!
0%
#2175000
1!
1%
b1100100001010 s
b10100 '
b10 (
b10 #
1n
0N
1M
0J
#2180000
0!
0%
#2185000
1!
1%
b1100100011110 s
b1100011011000 s
b10 t
b1 r
b1010 '
b1 (
b1 #
1o
0n
1N
0M
1L
0K
#2190000
0!
0%
#2195000
1!
1%
b1 t
b110010 '
b0 (
b0 #
0o
0L
1K
1J
#2200000
0!
0%
#2205000
1!
1%
b0 t
b10100 '
b10 (
b10 #
1n
0N
1M
0J
#2210000
0!
0%
#2215000
1!
1%
b10 q
b0 r
b1010 '
b0 (
b0 #
b10 *
0n
1N
0M
1L
0K
b10 $
#2220000
0!
0%
#2225000
1!
1%
b0 q
b1100011100010 s
b0 *
b0 $
#2230000
0!
0%
#2235000
1!
1%
b1100011101100 s
b110010 '
0L
1K
1J
#2240000
0!
0%
#2245000
1!
1%
b1100100011110 s
b1100100 '
0N
1M
0K
1I
#2250000
0!
0%
#2255000
1!
1%
b1100110000010 s
b11001000 '
0M
1L
0J
1H
#2260000
0!
0%
#2265000
1!
1%
b1101001001010 s
b1100100 '
1M
0L
1J
0H
#2270000
0!
0%
#2275000
1!
1%
b1101010101110 s
b1010 '
1N
0M
1L
0J
0I
#2280000
0!
0%
#2285000
1!
1%
b1101010111000 s
b1100100 '
0N
1M
0L
1J
1I
#2290000
0!
0%
#2295000
1!
1%
b1101100011100 s
b1010 '
b10 (
b10 #
1n
1N
0M
1L
0J
0I
#2300000
0!
0%
#2305000
1!
1%
b1101100100110 s
b1101011101010 s
b10 t
b1 r
b11001000 '
b0 (
b0 #
0n
0N
1I
1H
#2310000
0!
0%
#2315000
1!
1%
b1 t
b1010 '
1N
0I
0H
#2320000
0!
0%
#2325000
1!
1%
b0 t
b0 '
0N
0L
#2330000
0!
0%
#2335000
1!
1%
b10 q
b0 r
b11001000 '
b10 *
1L
1I
1H
b10 $
#2340000
0!
0%
#2345000
1!
1%
b0 q
b1101110110010 s
b1010 '
b0 *
1N
0I
0H
b0 $
#2350000
0!
0%
#2355000
1!
1%
b1101110111100 s
b1100100 '
0N
1M
0L
1J
1I
#2360000
0!
0%
#2365000
1!
1%
b1110000100000 s
b1010 '
1N
0M
1L
0J
0I
#2370000
0!
0%
#2375000
1!
1%
b1110000101010 s
#2380000
0!
0%
#2385000
1!
1%
b1110000110100 s
b10100 '
b1 (
b1 #
1o
0N
1M
0L
1K
#2390000
0!
0%
#2395000
1!
1%
b1110001001000 s
b1110000010110 s
b1 u
b10 t
b1 r
b11001000 '
b0 (
b0 #
0o
0M
1L
0K
1I
1H
#2400000
0!
0%
#2405000
1!
1%
b1 t
b10100 '
1M
0L
1K
0I
0H
#2410000
0!
0%
#2415000
1!
1%
b0 t
b1010 '
1N
0M
1L
0K
#2420000
0!
0%
#2425000
1!
1%
b1 q
b0 r
b1 *
b1 $
#2430000
0!
0%
#2435000
1!
1%
b0 q
b1110000100000 s
b0 *
b0 $
#2440000
0!
0%
#2445000
1!
1%
b1110000101010 s
b110010 '
0L
1K
1J
#2450000
0!
0%
#2455000
1!
1%
b1110001011100 s
b1100100 '
0N
1M
0K
1I
#2460000
0!
0%
#2465000
1!
1%
b1110011000000 s
b1010 '
1N
0M
1L
0J
0I
#2470000
0!
0%
#2475000
1!
1%
b1110011001010 s
#2480000
0!
0%
#2485000
1!
1%
b1110011010100 s
b110010 '
0L
1K
1J
#2490000
0!
0%
#2495000
1!
1%
b1110100000110 s
b1100100 '
0N
1M
0K
1I
#2500000
0!
0%
#2505000
1!
1%
b1110101101010 s
b1010 '
1N
0M
1L
0J
0I
#2510000
0!
0%
#2515000
1!
1%
b1110101110100 s
b11001000 '
0N
1I
1H
#2520000
0!
0%
#2525000
1!
1%
b1111000111100 s
b10100 '
1M
0L
1K
0I
0H
#2530000
0!
0%
#2535000
1!
1%
b1111001010000 s
b1100100 '
b10 (
b10 #
1n
0K
1J
1I
#2540000
0!
0%
#2545000
1!
1%
b1111010110100 s
b1111000011110 s
b10 u
b10 t
b1 r
b11001000 '
0M
1L
0J
1H
#2550000
0!
0%
#2555000
1!
1%
b1 t
b0 (
b0 #
0n
#2560000
0!
0%
#2565000
1!
1%
b0 t
b1010 '
1N
0I
0H
#2570000
0!
0%
#2575000
1!
1%
b10 q
b0 r
b10100 '
b10 *
0N
1M
0L
1K
b10 $
#2580000
0!
0%
#2585000
1!
1%
b0 q
b1111000110010 s
b0 *
b0 $
#2590000
0!
0%
#2595000
1!
1%
b1111001000110 s
b11001000 '
0M
1L
0K
1I
1H
#2600000
0!
0%
#2605000
1!
1%
b1111100001110 s
b110010 '
1N
0L
1K
1J
0I
0H
#2610000
0!
0%
#2615000
1!
1%
b1111101000000 s
b1100100 '
b1 (
b1 #
1o
0N
1M
0K
1I
#2620000
0!
0%
#2625000
1!
1%
b1111110100100 s
b1111100100010 s
b1 u
b10 t
b1 r
b10100 '
b10 (
b10 #
0o
1n
1K
0J
0I
#2630000
0!
0%
#2635000
1!
1%
b1 t
b11001000 '
b0 (
b0 #
0n
0M
1L
0K
1I
1H
#2640000
0!
0%
#2645000
1!
1%
b0 t
#2650000
0!
0%
#2655000
1!
1%
b1 q
b0 r
b1 *
b1 $
#2660000
0!
0%
#2665000
1!
1%
b0 q
b1111111101010 s
b10 (
b10 #
b0 *
1n
b0 $
#2670000
0!
0%
#2675000
1!
1%
b10000010110010 s
b1111110111000 s
b10 u
b10 t
b1 r
b0 (
b0 #
0n
#2680000
0!
0%
#2685000
1!
1%
b1 t
b10 (
b10 #
1n
#2690000
0!
0%
#2695000
1!
1%
b0 t
b110010 '
b0 (
b0 #
0n
1N
0L
1K
1J
0I
0H
#2700000
0!
0%
#2705000
1!
1%
b10 q
b0 r
b11001000 '
b10 *
0N
1L
0K
0J
1I
1H
b10 $
#2710000
0!
0%
#2715000
1!
1%
b0 q
b10000010000000 s
b1010 '
b0 *
1N
0I
0H
b0 $
#2720000
0!
0%
#2725000
1!
1%
b10000010001010 s
#2730000
0!
0%
#2735000
1!
1%
b10000010010100 s
b110010 '
0L
1K
1J
#2740000
0!
0%
#2745000
1!
1%
b10000011000110 s
#2750000
0!
0%
#2755000
1!
1%
b10000011111000 s
b1010 '
b1 (
b1 #
1o
1L
0K
0J
#2760000
0!
0%
#2765000
1!
1%
b10000100000010 s
b10000011011010 s
b1 u
b10 t
b1 r
b110010 '
b0 (
b0 #
0o
0L
1K
1J
#2770000
0!
0%
#2775000
1!
1%
b1 t
b1 (
b1 #
1o
#2780000
0!
0%
#2785000
1!
1%
b0 t
b1100100 '
b0 (
b0 #
0o
0N
1M
0K
1I
#2790000
0!
0%
#2795000
1!
1%
b1 q
b0 r
b1 *
b1 $
#2800000
0!
0%
#2805000
1!
1%
b0 q
b10000100111110 s
b1010 '
b0 *
1N
0M
1L
0J
0I
b0 $
#2810000
0!
0%
#2815000
1!
1%
b10000101001000 s
b10 (
b10 #
1n
#2820000
0!
0%
#2825000
1!
1%
b10000101010010 s
b10000100010110 s
b10 u
b10 t
b1 r
b11001000 '
b0 (
b0 #
0n
0N
1I
1H
#2830000
0!
0%
#2835000
1!
1%
b1 t
b1010 '
1N
0I
0H
#2840000
0!
0%
#2845000
1!
1%
b0 t
#2850000
0!
0%
#2855000
1!
1%
b10 q
b0 r
b11001000 '
b10 *
0N
1I
1H
b10 $
#2860000
0!
0%
#2865000
1!
1%
b0 q
b10000111011110 s
b10100 '
b0 *
1M
0L
1K
0I
0H
b0 $
#2870000
0!
0%
#2875000
1!
1%
b10000111110010 s
b1100100 '
0K
1J
1I
#2880000
0!
0%
#2885000
1!
1%
b10001001010110 s
b11001000 '
0M
1L
0J
1H
#2890000
0!
0%
#2895000
1!
1%
b10001100011110 s
#2900000
0!
0%
#2905000
1!
1%
b10001111100110 s
b110010 '
1N
0L
1K
1J
0I
0H
#2910000
0!
0%
#2915000
1!
1%
b10010000011000 s
b1010 '
1L
0K
0J
#2920000
0!
0%
#2925000
1!
1%
b10010000100010 s
#2930000
0!
0%
#2935000
1!
1%
b10010000101100 s
b11001000 '
0N
1I
1H
#2940000
0!
0%
#2945000
1!
1%
b10010011110100 s
b1100100 '
1M
0L
1J
0H
#2950000
0!
0%
#2955000
1!
1%
b10010101011000 s
b0 '
0M
0J
0I
#2960000
0!
0%
#2965000
1!
1%
b1010 '
b10 (
b10 #
1n
1N
1L
#2970000
0!
0%
#2975000
1!
1%
b10010101100010 s
b10010100100110 s
b10 t
b1 r
b10100 '
b0 (
b0 #
0n
0N
1M
0L
1K
#2980000
0!
0%
#2985000
1!
1%
b1 t
b11001000 '
0M
1L
0K
1I
1H
#2990000
0!
0%
#2995000
1!
1%
b0 t
b1010 '
1N
0I
0H
#3000000
0!
0%
#3005000
1!
1%
b10 q
b0 r
b1100100 '
b10 *
0N
1M
0L
1J
1I
b10 $
#3010000
0!
0%
#3015000
1!
1%
b0 q
b10010110001010 s
b11001000 '
b1 (
b1 #
b0 *
1o
0M
1L
0J
1H
b0 $
#3020000
0!
0%
#3025000
1!
1%
b10011001010010 s
b10010101101100 s
b1 u
b10 t
b1 r
b110010 '
b0 (
b0 #
0o
1N
0L
1K
1J
0I
0H
#3030000
0!
0%
#3035000
1!
1%
b1 t
b10 (
b10 #
1n
#3040000
0!
0%
#3045000
1!
1%
b0 t
b10100 '
0N
1M
0J
#3050000
0!
0%
#3055000
1!
1%
b1 q
b0 r
b110010 '
b0 (
b0 #
b1 *
0n
1N
0M
1J
b1 $
#3060000
0!
0%
#3065000
1!
1%
b0 q
b10010110011110 s
b0 *
b0 $
#3070000
0!
0%
#3075000
1!
1%
b10010111010000 s
b1100100 '
0N
1M
0K
1I
#3080000
0!
0%
#3085000
1!
1%
b10011000110100 s
b110010 '
1N
0M
1K
0I
#3090000
0!
0%
#3095000
1!
1%
b10011001100110 s
b1100100 '
0N
1M
0K
1I
#3100000
0!
0%
#3105000
1!
1%
b10011011001010 s
b10100 '
1K
0J
0I
#3110000
0!
0%
#3115000
1!
1%
b10011011011110 s
b11001000 '
0M
1L
0K
1I
1H
#3120000
0!
0%
#3125000
1!
1%
b10011110100110 s
b1100100 '
1M
0L
1J
0H
#3130000
0!
0%
#3135000
1!
1%
b10100000001010 s
b10 (
b10 #
1n
#3140000
0!
0%
#3145000
1!
1%
b10100001101110 s
b10011111011000 s
b10 u
b10 t
b1 r
b1010 '
b0 (
b0 #
0n
1N
0M
1L
0J
0I
#3150000
0!
0%
#3155000
1!
1%
b1 t
b1100100 '
0N
1M
0L
1J
1I
#3160000
0!
0%
#3165000
1!
1%
b0 t
b10100 '
1K
0J
0I
#3170000
0!
0%
#3175000
1!
1%
b10 q
b0 r
b1 (
b1 #
b10 *
1o
b10 $
#3180000
0!
0%
#3185000
1!
1%
b0 q
b10011111101100 s
b10011110111010 s
b1 u
b10 t
b1 r
b110010 '
b0 (
b0 #
b0 *
0o
1N
0M
1J
b0 $
#3190000
0!
0%
#3195000
1!
1%
b1 t
b1100100 '
b10 (
b10 #
1n
0N
1M
0K
1I
#3200000
0!
0%
#3205000
1!
1%
b0 t
b110010 '
b0 (
b0 #
0n
1N
0M
1K
0I
#3210000
0!
0%
#3215000
1!
1%
b1 q
b0 r
b11001000 '
b1 (
b1 #
b1 *
1o
0N
1L
0K
0J
1I
1H
b1 $
#3220000
0!
0%
#3225000
1!
1%
b0 q
b10100010000010 s
b10011110011100 s
b10 t
b1 r
b1100100 '
b0 *
1M
0L
1J
0H
b0 $
#3230000
0!
0%
#3235000
1!
1%
b1 t
b1010 '
b0 (
b0 #
0o
1N
0M
1L
0J
0I
#3240000
0!
0%
#3245000
1!
1%
b0 t
b1100100 '
0N
1M
0L
1J
1I
#3250000
0!
0%
#3255000
1!
1%
b1 q
b0 r
b11001000 '
b1 (
b1 #
b1 *
1o
0M
1L
0J
1H
b1 $
#3260000
0!
0%
#3265000
1!
1%
b0 q
b10100001100100 s
b10011101111110 s
b10 t
b1 r
b0 (
b0 #
b0 *
0o
b0 $
#3270000
0!
0%
#3275000
1!
1%
b1 t
b1100100 '
b10 (
b10 #
1n
1M
0L
1J
0H
#3280000
0!
0%
#3285000
1!
1%
b0 t
b110010 '
b0 (
b0 #
0n
1N
0M
1K
0I
#3290000
0!
0%
#3295000
1!
1%
b1 q
b0 r
b0 '
b1 *
0N
0K
0J
b1 $
#3300000
0!
0%
#3305000
1!
1%
b0 q
b1100100 '
b0 *
1M
1J
1I
b0 $
#3310000
0!
0%
#3315000
1!
1%
b10011111100010 s
#3320000
0!
0%
#3325000
1!
1%
b10100001000110 s
b11001000 '
0M
1L
0J
1H
#3330000
0!
0%
#3335000
1!
1%
b10100100001110 s
#3340000
0!
0%
#3345000
1!
1%
b10100111010110 s
#3350000
0!
0%
#3355000
1!
1%
b10101010011110 s
#3360000
0!
0%
#3365000
1!
1%
b10101101100110 s
#3370000
0!
0%
#3375000
1!
1%
b10110000101110 s
b10100 '
1M
0L
1K
0I
0H
#3380000
0!
0%
#3385000
1!
1%
b10110001000010 s
b1100100 '
0K
1J
1I
#3390000
0!
0%
#3395000
1!
1%
b10110010100110 s
b10100 '
1K
0J
0I
#3400000
0!
0%
#3405000
1!
1%
b10110010111010 s
b11001000 '
0M
1L
0K
1I
1H
#3410000
0!
0%
#3415000
1!
1%
b10110110000010 s
b1010 '
1N
0I
0H
#3420000
0!
0%
#3425000
1!
1%
b10110110001100 s
b1100100 '
0N
1M
0L
1J
1I
#3430000
0!
0%
#3435000
1!
1%
b10110111110000 s
#3440000
0!
0%
#3445000
1!
1%
b10111001010100 s
b1010 '
1N
0M
1L
0J
0I
#3450000
0!
0%
#3455000
1!
1%
b10111001011110 s
#3460000
0!
0%
#3465000
1!
1%
b10111001101000 s
b1100100 '
0N
1M
0L
1J
1I
#3470000
0!
0%
#3475000
1!
1%
b10111011001100 s
b110010 '
1N
0M
1K
0I
#3480000
0!
0%
#3485000
1!
1%
b10111011111110 s
b1100100 '
0N
1M
0K
1I
#3490000
0!
0%
#3495000
1!
1%
b10111101100010 s
#3500000
0!
0%
#3505000
1!
1%
b10111111000110 s
b10100 '
b10 (
b10 #
1n
1K
0J
0I
#3510000
0!
0%
#3515000
1!
1%
b10111111011010 s
b10111110010100 s
b10 u
b10 t
b1 r
b1010 '
1N
0M
1L
0K
#3520000
0!
0%
#3525000
1!
1%
b1 t
b11001000 '
b0 (
b0 #
0n
0N
1I
1H
#3530000
0!
0%
#3535000
1!
1%
b0 t
b1010 '
1N
0I
0H
#3540000
0!
0%
#3545000
1!
1%
b10 q
b0 r
b10100 '
b10 *
0N
1M
0L
1K
b10 $
#3550000
0!
0%
#3555000
1!
1%
b0 q
b10111110101000 s
b1100100 '
b0 *
0K
1J
1I
b0 $
#3560000
0!
0%
#3565000
1!
1%
b11000000001100 s
#3570000
0!
0%
#3575000
1!
1%
b11000001110000 s
#3580000
0!
0%
#3585000
1!
1%
b11000011010100 s
b110010 '
1N
0M
1K
0I
#3590000
0!
0%
#3595000
1!
1%
b11000100000110 s
b11001000 '
0N
1L
0K
0J
1I
1H
#3600000
0!
0%
#3605000
1!
1%
b11000111001110 s
b110010 '
1N
0L
1K
1J
0I
0H
#3610000
0!
0%
#3615000
1!
1%
b11001000000000 s
b11001000 '
0N
1L
0K
0J
1I
1H
#3620000
0!
0%
#3625000
1!
1%
b11001011001000 s
#3630000
0!
0%
#3635000
1!
1%
b11001110010000 s
b1010 '
1N
0I
0H
#3640000
0!
0%
#3645000
1!
1%
b11001110011010 s
#3650000
0!
0%
#3655000
1!
1%
b11001110100100 s
#3660000
0!
0%
#3665000
1!
1%
b11001110101110 s
b1100100 '
0N
1M
0L
1J
1I
#3670000
0!
0%
#3675000
1!
1%
b11010000010010 s
#3680000
0!
0%
#3685000
1!
1%
b11010001110110 s
b110010 '
1N
0M
1K
0I
#3690000
0!
0%
#3695000
1!
1%
b11010010101000 s
b10100 '
0N
1M
0J
#3700000
0!
0%
#3705000
1!
1%
b11010010111100 s
b110010 '
1N
0M
1J
#3710000
0!
0%
#3715000
1!
1%
b11010011101110 s
b11001000 '
0N
1L
0K
0J
1I
1H
#3720000
0!
0%
#3725000
1!
1%
b11010110110110 s
b1010 '
1N
0I
0H
#3730000
0!
0%
#3735000
1!
1%
b11010111000000 s
b11001000 '
b1 (
b1 #
1o
0N
1I
1H
#3740000
0!
0%
#3745000
1!
1%
b11011010001000 s
b11010110100010 s
b1 u
b10 t
b1 r
b1010 '
b0 (
b0 #
0o
1N
0I
0H
#3750000
0!
0%
#3755000
1!
1%
b1 t
b110010 '
0L
1K
1J
#3760000
0!
0%
#3765000
1!
1%
b0 t
b1010 '
1L
0K
0J
#3770000
0!
0%
#3775000
1!
1%
b1 q
b0 r
b1 *
b1 $
#3780000
0!
0%
#3785000
1!
1%
b0 q
b11010110101100 s
b110010 '
b0 *
0L
1K
1J
b0 $
#3790000
0!
0%
#3795000
1!
1%
b11010111011110 s
b1010 '
1L
0K
0J
#3800000
0!
0%
#3805000
1!
1%
b11010111101000 s
b11001000 '
0N
1I
1H
#3810000
0!
0%
#3815000
1!
1%
b11011010110000 s
#3820000
0!
0%
#3825000
1!
1%
b11011101111000 s
b1100100 '
b10 (
b10 #
1n
1M
0L
1J
0H
#3830000
0!
0%
#3835000
1!
1%
b11011111011100 s
b11011101000110 s
b10 u
b10 t
b1 r
b0 (
b0 #
0n
#3840000
0!
0%
#3845000
1!
1%
b1 t
b1010 '
b1 (
b1 #
1o
1N
0M
1L
0J
0I
#3850000
0!
0%
#3855000
1!
1%
b0 t
b0 (
b0 #
0o
#3860000
0!
0%
#3865000
1!
1%
b10 q
b0 r
b1100100 '
b10 *
0N
1M
0L
1J
1I
b10 $
#3870000
0!
0%
#3875000
1!
1%
b0 q
b11011110101010 s
b110010 '
b0 *
1N
0M
1K
0I
b0 $
#3880000
0!
0%
#3885000
1!
1%
b11011111011100 s
b11001000 '
0N
1L
0K
0J
1I
1H
#3890000
0!
0%
#3895000
1!
1%
b11100010100100 s
b1010 '
1N
0I
0H
#3900000
0!
0%
#3905000
1!
1%
b11100010101110 s
#3910000
0!
0%
#3915000
1!
1%
b11100010111000 s
b11001000 '
0N
1I
1H
#3920000
0!
0%
#3925000
1!
1%
b11100110000000 s
b1100100 '
1M
0L
1J
0H
#3930000
0!
0%
#3935000
1!
1%
b11100111100100 s
#3940000
0!
0%
#3945000
1!
1%
b11101001001000 s
b10100 '
1K
0J
0I
#3950000
0!
0%
#3955000
1!
1%
b11101001011100 s
b110010 '
1N
0M
1J
#3960000
0!
0%
#3965000
1!
1%
b11101010001110 s
#3970000
0!
0%
#3975000
1!
1%
b11101011000000 s
b1010 '
1L
0K
0J
#3980000
0!
0%
#3985000
1!
1%
b11101011001010 s
b10100 '
0N
1M
0L
1K
#3990000
0!
0%
#3995000
1!
1%
b11101011011110 s
b1100100 '
0K
1J
1I
#4000000
0!
0%
#4005000
1!
1%
b11101101000010 s
b11001000 '
0M
1L
0J
1H
#4010000
0!
0%
#4015000
1!
1%
b11110000001010 s
b10100 '
1M
0L
1K
0I
0H
#4020000
0!
0%
#4025000
1!
1%
b11110000011110 s
b1 (
b1 #
1o
#4030000
0!
0%
#4035000
1!
1%
b11110000110010 s
b11110000000000 s
b1 u
b10 t
b1 r
b1010 '
b10 (
b10 #
0o
1n
1N
0M
1L
0K
#4040000
0!
0%
#4045000
1!
1%
b1 t
b110010 '
b0 (
b0 #
0n
0L
1K
1J
#4050000
0!
0%
#4055000
1!
1%
b0 t
b11001000 '
0N
1L
0K
0J
1I
1H
#4060000
0!
0%
#4065000
1!
1%
b1 q
b0 r
b110010 '
b1 *
1N
0L
1K
1J
0I
0H
b1 $
#4070000
0!
0%
#4075000
1!
1%
b0 q
b11110000110010 s
b11001000 '
b0 *
0N
1L
0K
0J
1I
1H
b0 $
#4080000
0!
0%
#4085000
1!
1%
b11110011111010 s
#4090000
0!
0%
#4095000
1!
1%
b11110111000010 s
#4100000
0!
0%
#4105000
1!
1%
b11111010001010 s
b10100 '
b10 (
b10 #
1n
1M
0L
1K
0I
0H
#4110000
0!
0%
#4115000
1!
1%
b11111010011110 s
b11111001011000 s
b10 u
b10 t
b1 r
b1100100 '
b0 (
b0 #
0n
0K
1J
1I
#4120000
0!
0%
#4125000
1!
1%
b1 t
b10100 '
1K
0J
0I
#4130000
0!
0%
#4135000
1!
1%
b0 t
#4140000
0!
0%
#4145000
1!
1%
b10 q
b0 r
b10 *
b10 $
#4150000
0!
0%
#4155000
1!
1%
b0 q
b11111001101100 s
b0 *
b0 $
#4160000
0!
0%
#4165000
1!
1%
b11111010000000 s
#4170000
0!
0%
#4175000
1!
1%
b11111010010100 s
b11001000 '
0M
1L
0K
1I
1H
#4180000
0!
0%
#4185000
1!
1%
b11111101011100 s
b1010 '
1N
0I
0H
#4190000
0!
0%
#4195000
1!
1%
b11111101100110 s
b11001000 '
0N
1I
1H
#4200000
0!
0%
#4205000
1!
1%
b100000000101110 s
b1 (
b1 #
1o
#4210000
0!
0%
#4215000
1!
1%
b100000011110110 s
b100000000010000 s
b1 u
b10 t
b1 r
b1010 '
b0 (
b0 #
0o
1N
0I
0H
#4220000
0!
0%
#4225000
1!
1%
b1 t
b110010 '
0L
1K
1J
#4230000
0!
0%
#4235000
1!
1%
b0 t
b10100 '
0N
1M
0J
#4240000
0!
0%
#4245000
1!
1%
b1 q
b0 r
b1100100 '
b1 *
0K
1J
1I
b1 $
#4250000
0!
0%
#4255000
1!
1%
b0 q
b100000001110100 s
b0 *
b0 $
#4260000
0!
0%
#4265000
1!
1%
b100000011011000 s
b1010 '
b1 (
b1 #
1o
1N
0M
1L
0J
0I
#4270000
0!
0%
#4275000
1!
1%
b100000011100010 s
b100000010111010 s
b10 t
b1 r
b0 (
b0 #
0o
#4280000
0!
0%
#4285000
1!
1%
b1 t
b110010 '
0L
1K
1J
#4290000
0!
0%
#4295000
1!
1%
b0 t
b10100 '
b10 (
b10 #
1n
0N
1M
0J
#4300000
0!
0%
#4305000
1!
1%
b1 q
b0 r
b1010 '
b0 (
b0 #
b1 *
0n
1N
0M
1L
0K
b1 $
#4310000
0!
0%
#4315000
1!
1%
b0 q
b100000011000100 s
b110010 '
b0 *
0L
1K
1J
b0 $
#4320000
0!
0%
#4325000
1!
1%
b100000011110110 s
b1010 '
1L
0K
0J
#4330000
0!
0%
#4335000
1!
1%
b100000100000000 s
b11001000 '
0N
1I
1H
#4340000
0!
0%
#4345000
1!
1%
b100000111001000 s
b10100 '
1M
0L
1K
0I
0H
#4350000
0!
0%
#4355000
1!
1%
b100000111011100 s
b110010 '
1N
0M
1J
#4360000
0!
0%
#4365000
1!
1%
b100001000001110 s
b11001000 '
0N
1L
0K
0J
1I
1H
#4370000
0!
0%
#4375000
1!
1%
b100001011010110 s
b1100100 '
1M
0L
1J
0H
#4380000
0!
0%
#4385000
1!
1%
b100001100111010 s
b11001000 '
0M
1L
0J
1H
#4390000
0!
0%
#4395000
1!
1%
b100010000000010 s
b1010 '
1N
0I
0H
#4400000
0!
0%
#4405000
1!
1%
b100010000001100 s
b10100 '
0N
1M
0L
1K
#4410000
0!
0%
#4415000
1!
1%
b100010000100000 s
#4420000
0!
0%
#4425000
1!
1%
b100010000110100 s
b1100100 '
0K
1J
1I
#4430000
0!
0%
#4435000
1!
1%
b100010010011000 s
b11001000 '
0M
1L
0J
1H
#4440000
0!
0%
#4445000
1!
1%
b100010101100000 s
b1100100 '
1M
0L
1J
0H
#4450000
0!
0%
#4455000
1!
1%
b100010111000100 s
b110010 '
1N
0M
1K
0I
#4460000
0!
0%
#4465000
1!
1%
b100010111110110 s
b10100 '
0N
1M
0J
#4470000
0!
0%
#4475000
1!
1%
b100011000001010 s
b11001000 '
0M
1L
0K
1I
1H
#4480000
0!
0%
#4485000
1!
1%
b100011011010010 s
#4490000
0!
0%
#4495000
1!
1%
b100011110011010 s
b110010 '
b10 (
b10 #
1n
1N
0L
1K
1J
0I
0H
#4500000
0!
0%
#4505000
1!
1%
b100011111001100 s
b100011101101000 s
b10 u
b10 t
b1 r
b0 (
b0 #
0n
#4510000
0!
0%
#4515000
1!
1%
b1 t
b10100 '
0N
1M
0J
#4520000
0!
0%
#4525000
1!
1%
b0 t
b1010 '
1N
0M
1L
0K
#4530000
0!
0%
#4535000
1!
1%
b10 q
b0 r
b10 *
b10 $
#4540000
0!
0%
#4545000
1!
1%
b0 q
b100011101110010 s
b10100 '
b0 *
0N
1M
0L
1K
b0 $
#4550000
0!
0%
#4555000
1!
1%
b100011110000110 s
b110010 '
b1 (
b1 #
1o
1N
0M
1J
#4560000
0!
0%
#4565000
1!
1%
b100011110111000 s
b100011101101000 s
b1 u
b10 t
b1 r
b0 (
b0 #
0o
#4570000
0!
0%
#4575000
1!
1%
b1 t
b11001000 '
b10 (
b10 #
1n
0N
1L
0K
0J
1I
1H
#4580000
0!
0%
#4585000
1!
1%
b0 t
b0 (
b0 #
0n
#4590000
0!
0%
#4595000
1!
1%
b1 q
b0 r
b1010 '
b1 *
1N
0I
0H
b1 $
#4600000
0!
0%
#4605000
1!
1%
b0 q
b100011101110010 s
b10100 '
b0 *
0N
1M
0L
1K
b0 $
#4610000
0!
0%
#4615000
1!
1%
b100011110000110 s
#4620000
0!
0%
#4625000
1!
1%
b100011110011010 s
b110010 '
1N
0M
1J
#4630000
0!
0%
#4635000
1!
1%
b100011111001100 s
b1100100 '
0N
1M
0K
1I
#4640000
0!
0%
#4645000
1!
1%
b100100000110000 s
b1010 '
1N
0M
1L
0J
0I
#4650000
0!
0%
#4655000
1!
1%
b100100000111010 s
b11001000 '
0N
1I
1H
#4660000
0!
0%
#4665000
1!
1%
b100100100000010 s
b1010 '
b1 (
b1 #
1o
1N
0I
0H
#4670000
0!
0%
#4675000
1!
1%
b100100100001100 s
b100100011100100 s
b10 t
b1 r
b1100100 '
b0 (
b0 #
0o
0N
1M
0L
1J
1I
#4680000
0!
0%
#4685000
1!
1%
b1 t
b11001000 '
b10 (
b10 #
1n
0M
1L
0J
1H
#4690000
0!
0%
#4695000
1!
1%
b0 t
b110010 '
b0 (
b0 #
0n
1N
0L
1K
1J
0I
0H
#4700000
0!
0%
#4705000
1!
1%
b1 q
b0 r
b10100 '
b1 *
0N
1M
0J
b1 $
#4710000
0!
0%
#4715000
1!
1%
b0 q
b100100011111000 s
b110010 '
b0 *
1N
0M
1J
b0 $
#4720000
0!
0%
#4725000
1!
1%
b100100100101010 s
b1100100 '
0N
1M
0K
1I
#4730000
0!
0%
#4735000
1!
1%
b100100110001110 s
b1010 '
b10 (
b10 #
1n
1N
0M
1L
0J
0I
#4740000
0!
0%
#4745000
1!
1%
b100100110011000 s
b100100101011100 s
b10 u
b10 t
b1 r
b110010 '
b0 (
b0 #
0n
0L
1K
1J
#4750000
0!
0%
#4755000
1!
1%
b1 t
b10100 '
0N
1M
0J
#4760000
0!
0%
#4765000
1!
1%
b0 t
b1100100 '
0K
1J
1I
#4770000
0!
0%
#4775000
1!
1%
b10 q
b0 r
b10100 '
b1 (
b1 #
b10 *
1o
1K
0J
0I
b10 $
#4780000
0!
0%
#4785000
1!
1%
b0 q
b100100101110000 s
b100100100111110 s
b1 u
b10 t
b1 r
b1100100 '
b0 (
b0 #
b0 *
0o
0K
1J
1I
b0 $
#4790000
0!
0%
#4795000
1!
1%
b1 t
b10100 '
1K
0J
0I
#4800000
0!
0%
#4805000
1!
1%
b0 t
b1010 '
1N
0M
1L
0K
#4810000
0!
0%
#4815000
1!
1%
b1 q
b0 r
b1100100 '
b1 *
0N
1M
0L
1J
1I
b1 $
#4820000
0!
0%
#4825000
1!
1%
b0 q
b100100110100010 s
b1 (
b1 #
b0 *
1o
b0 $
#4830000
0!
0%
#4835000
1!
1%
b100101000000110 s
b100100110000100 s
b10 t
b1 r
b11001000 '
b0 (
b0 #
0o
0M
1L
0J
1H
#4840000
0!
0%
#4845000
1!
1%
b1 t
b10100 '
1M
0L
1K
0I
0H
#4850000
0!
0%
#4855000
1!
1%
b0 t
b1100100 '
0K
1J
1I
#4860000
0!
0%
#4865000
1!
1%
b1 q
b0 r
b10100 '
b1 *
1K
0J
0I
b1 $
#4870000
0!
0%
#4875000
1!
1%
b0 q
b100100110011000 s
b0 *
b0 $
#4880000
0!
0%
#4885000
1!
1%
b100100110101100 s
b110010 '
b10 (
b10 #
1n
1N
0M
1J
#4890000
0!
0%
#4895000
1!
1%
b100100111011110 s
b100100101111010 s
b10 u
b10 t
b1 r
b1010 '
b1 (
b1 #
1o
0n
1L
0K
0J
#4900000
0!
0%
#4905000
1!
1%
b1 t
b0 (
b0 #
0o
#4910000
0!
0%
#4915000
1!
1%
b0 t
b11001000 '
b10 (
b10 #
1n
0N
1I
1H
#4920000
0!
0%
#4925000
1!
1%
b10 q
b0 r
b1010 '
b1 (
b1 #
b10 *
1o
0n
1N
0I
0H
b10 $
#4930000
0!
0%
#4935000
1!
1%
b0 q
b100100110000100 s
b100100101011100 s
b1 u
b10 t
b1 r
b1100100 '
b0 (
b0 #
b0 *
0o
0N
1M
0L
1J
1I
b0 $
#4940000
0!
0%
#4945000
1!
1%
b1 t
b11001000 '
0M
1L
0J
1H
#4950000
0!
0%
#4955000
1!
1%
b0 t
b10100 '
b10 (
b10 #
1n
1M
0L
1K
0I
0H
#4960000
0!
0%
#4965000
1!
1%
b1 q
b0 r
b1 *
b1 $
#4970000
0!
0%
#4975000
1!
1%
b0 q
b100100101110000 s
b100100100101010 s
b10 u
b10 t
b1 r
b1010 '
b0 (
b0 #
b0 *
0n
1N
0M
1L
0K
b0 $
#4980000
0!
0%
#4985000
1!
1%
b1 t
b110010 '
0L
1K
1J
#4990000
0!
0%
#4995000
1!
1%
b0 t
b1010 '
b10 (
b10 #
1n
1L
0K
0J
#5000000
0!
0%
#5005000
1!
1%
b10 q
b0 r
b10100 '
b10 *
0N
1M
0L
1K
b10 $
#5010000
0!
0%
#5015000
1!
1%
b0 q
b100100100111110 s
b100100011111000 s
b10 t
b1 r
b110010 '
b0 (
b0 #
b0 *
0n
1N
0M
1J
b0 $
#5020000
0!
0%
#5025000
1!
1%
b1 t
b1010 '
1L
0K
0J
#5030000
0!
0%
#5035000
1!
1%
b0 t
#5040000
0!
0%
#5045000
1!
1%
b10 q
b0 r
b1100100 '
b10 *
0N
1M
0L
1J
1I
b10 $
#5050000
0!
0%
#5055000
1!
1%
b0 q
b100100101011100 s
b1010 '
b0 *
1N
0M
1L
0J
0I
b0 $
#5060000
0!
0%
#5065000
1!
1%
b100100101100110 s
b11001000 '
0N
1I
1H
#5070000
0!
0%
#5075000
1!
1%
b100101000101110 s
b110010 '
1N
0L
1K
1J
0I
0H
#5080000
0!
0%
#5085000
1!
1%
b100101001100000 s
b1100100 '
0N
1M
0K
1I
#5090000
0!
0%
#5095000
1!
1%
b100101011000100 s
b1010 '
1N
0M
1L
0J
0I
#5100000
0!
0%
#5105000
1!
1%
b100101011001110 s
b11001000 '
0N
1I
1H
#5110000
0!
0%
#5115000
1!
1%
b100101110010110 s
#5120000
0!
0%
#5125000
1!
1%
b100110001011110 s
b10100 '
1M
0L
1K
0I
0H
#5130000
0!
0%
#5135000
1!
1%
b100110001110010 s
b110010 '
1N
0M
1J
#5140000
0!
0%
#5145000
1!
1%
b100110010100100 s
b1010 '
1L
0K
0J
#5150000
0!
0%
#5155000
1!
1%
b100110010101110 s
b1100100 '
0N
1M
0L
1J
1I
#5160000
0!
0%
#5165000
1!
1%
b100110100010010 s
#5170000
0!
0%
#5175000
1!
1%
b100110101110110 s
b10 (
b10 #
1n
#5180000
0!
0%
#5185000
1!
1%
b100110111011010 s
b100110101000100 s
b10 t
b1 r
b0 (
b0 #
0n
#5190000
0!
0%
#5195000
1!
1%
b1 t
b11001000 '
0M
1L
0J
1H
#5200000
0!
0%
#5205000
1!
1%
b0 t
b1010 '
b10 (
b10 #
1n
1N
0I
0H
#5210000
0!
0%
#5215000
1!
1%
b10 q
b0 r
b110010 '
b0 (
b0 #
b10 *
0n
0L
1K
1J
b10 $
#5220000
0!
0%
#5225000
1!
1%
b0 q
b100110101110110 s
b1010 '
b0 *
1L
0K
0J
b0 $
#5230000
0!
0%
#5235000
1!
1%
b100110110000000 s
b10100 '
0N
1M
0L
1K
#5240000
0!
0%
#5245000
1!
1%
b100110110010100 s
#5250000
0!
0%
#5255000
1!
1%
b100110110101000 s
b1010 '
1N
0M
1L
0K
#5260000
0!
0%
#5265000
1!
1%
b100110110110010 s
#5270000
0!
0%
#5275000
1!
1%
b100110110111100 s
b10100 '
0N
1M
0L
1K
#5280000
0!
0%
#5285000
1!
1%
b100110111010000 s
#5290000
0!
0%
#5295000
1!
1%
b100110111100100 s
b1010 '
1N
0M
1L
0K
#5300000
0!
0%
#5305000
1!
1%
b100110111101110 s
b11001000 '
0N
1I
1H
#5310000
0!
0%
#5315000
1!
1%
b100111010110110 s
#5320000
0!
0%
#5325000
1!
1%
b100111101111110 s
b10100 '
1M
0L
1K
0I
0H
#5330000
0!
0%
#5335000
1!
1%
b100111110010010 s
b0 '
0M
0K
#5340000
0!
0%
#5345000
1!
1%
b1010 '
1N
1L
#5350000
0!
0%
#5355000
1!
1%
b100111110011100 s
b1100100 '
0N
1M
0L
1J
1I
#5360000
0!
0%
#5365000
1!
1%
b101000000000000 s
b10100 '
b10 (
b10 #
1n
1K
0J
0I
#5370000
0!
0%
#5375000
1!
1%
b101000000010100 s
b100111111001110 s
b10 t
b1 r
b1100100 '
b0 (
b0 #
0n
0K
1J
1I
#5380000
0!
0%
#5385000
1!
1%
b1 t
b110010 '
1N
0M
1K
0I
#5390000
0!
0%
#5395000
1!
1%
b0 t
b11001000 '
0N
1L
0K
0J
1I
1H
#5400000
0!
0%
#5405000
1!
1%
b10 q
b0 r
b1010 '
b10 *
1N
0I
0H
b10 $
#5410000
0!
0%
#5415000
1!
1%
b0 q
b100111111011000 s
b10100 '
b0 *
0N
1M
0L
1K
b0 $
#5420000
0!
0%
#5425000
1!
1%
b100111111101100 s
b11001000 '
0M
1L
0K
1I
1H
#5430000
0!
0%
#5435000
1!
1%
b101000010110100 s
b110010 '
1N
0L
1K
1J
0I
0H
#5440000
0!
0%
#5445000
1!
1%
b101000011100110 s
b1 (
b1 #
1o
#5450000
0!
0%
#5455000
1!
1%
b101000100011000 s
b101000011001000 s
b1 u
b10 t
b1 r
b1010 '
1L
0K
0J
#5460000
0!
0%
#5465000
1!
1%
b1 t
b10100 '
b0 (
b0 #
0o
0N
1M
0L
1K
#5470000
0!
0%
#5475000
1!
1%
b0 t
b110010 '
1N
0M
1J
#5480000
0!
0%
#5485000
1!
1%
b1 q
b0 r
b1 (
b1 #
b1 *
1o
b1 $
#5490000
0!
0%
#5495000
1!
1%
b0 q
b101000011111010 s
b101000010101010 s
b10 t
b1 r
b0 *
b0 $
#5500000
0!
0%
#5505000
1!
1%
b1 t
b1010 '
b0 (
b0 #
0o
1L
0K
0J
#5510000
0!
0%
#5515000
1!
1%
b0 t
#5520000
0!
0%
#5525000
1!
1%
b1 q
b0 r
b110010 '
b1 *
0L
1K
1J
b1 $
#5530000
0!
0%
#5535000
1!
1%
b0 q
b101000011011100 s
b10100 '
b0 *
0N
1M
0J
b0 $
#5540000
0!
0%
#5545000
1!
1%
b101000011110000 s
b11001000 '
0M
1L
0K
1I
1H
#5550000
0!
0%
#5555000
1!
1%
b101000110111000 s
b1010 '
1N
0I
0H
#5560000
0!
0%
#5565000
1!
1%
b101000111000010 s
b0 '
0N
0L
#5570000
0!
0%
#5575000
1!
1%
b10100 '
b1 (
b1 #
1o
1M
1K
#5580000
0!
0%
#5585000
1!
1%
b101000111010110 s
b101000110100100 s
b10 t
b1 r
b1100100 '
b0 (
b0 #
0o
0K
1J
1I
#5590000
0!
0%
#5595000
1!
1%
b1 t
b10100 '
1K
0J
0I
#5600000
0!
0%
#5605000
1!
1%
b0 t
b110010 '
1N
0M
1J
#5610000
0!
0%
#5615000
1!
1%
b1 q
b0 r
b11001000 '
b1 *
0N
1L
0K
0J
1I
1H
b1 $
#5620000
0!
0%
#5625000
1!
1%
b0 q
b101001001101100 s
b1100100 '
b0 *
1M
0L
1J
0H
b0 $
#5630000
0!
0%
#5635000
1!
1%
b101001011010000 s
b1010 '
1N
0M
1L
0J
0I
#5640000
0!
0%
#5645000
1!
1%
b101001011011010 s
b110010 '
0L
1K
1J
#5650000
0!
0%
#5655000
1!
1%
b101001100001100 s
b11001000 '
0N
1L
0K
0J
1I
1H
#5660000
0!
0%
#5665000
1!
1%
b101001111010100 s
b110010 '
b1 (
b1 #
1o
1N
0L
1K
1J
0I
0H
#5670000
0!
0%
#5675000
1!
1%
b101010000000110 s
b101001110110110 s
b10 t
b1 r
b1100100 '
0N
1M
0K
1I
#5680000
0!
0%
#5685000
1!
1%
b1 t
#5690000
0!
0%
#5695000
1!
1%
b0 t
b1010 '
b0 (
b0 #
0o
1N
0M
1L
0J
0I
#5700000
0!
0%
#5705000
1!
1%
b1 q
b0 r
b1100100 '
b1 *
0N
1M
0L
1J
1I
b1 $
#5710000
0!
0%
#5715000
1!
1%
b0 q
b101010000011010 s
b10100 '
b0 *
1K
0J
0I
b0 $
#5720000
0!
0%
#5725000
1!
1%
b101010000101110 s
b110010 '
1N
0M
1J
#5730000
0!
0%
#5735000
1!
1%
b101010001100000 s
#5740000
0!
0%
#5745000
1!
1%
b101010010010010 s
#5750000
0!
0%
#5755000
1!
1%
b101010011000100 s
b10100 '
0N
1M
0J
#5760000
0!
0%
#5765000
1!
1%
b101010011011000 s
#5770000
0!
0%
#5775000
1!
1%
b101010011101100 s
b1010 '
1N
0M
1L
0K
#5780000
0!
0%
#5785000
1!
1%
b101010011110110 s
b1100100 '
0N
1M
0L
1J
1I
#5790000
0!
0%
#5795000
1!
1%
b101010101011010 s
b110010 '
1N
0M
1K
0I
#5800000
0!
0%
#5805000
1!
1%
b101010110001100 s
b1100100 '
b1 (
b1 #
1o
0N
1M
0K
1I
#5810000
0!
0%
#5815000
1!
1%
b101010111110000 s
b101010101101110 s
b10 t
b1 r
b0 (
b0 #
0o
#5820000
0!
0%
#5825000
1!
1%
b1 t
b110010 '
1N
0M
1K
0I
#5830000
0!
0%
#5835000
1!
1%
b0 t
b11001000 '
b10 (
b10 #
1n
0N
1L
0K
0J
1I
1H
#5840000
0!
0%
#5845000
1!
1%
b1 q
b0 r
b0 (
b0 #
b1 *
0n
b1 $
#5850000
0!
0%
#5855000
1!
1%
b0 q
b101011000110110 s
b10 (
b10 #
b0 *
1n
b0 $
#5860000
0!
0%
#5865000
1!
1%
b101011011111110 s
b101011000000100 s
b10 u
b10 t
b1 r
b0 (
b0 #
0n
#5870000
0!
0%
#5875000
1!
1%
b1 t
#5880000
0!
0%
#5885000
1!
1%
b0 t
b1100100 '
b1 (
b1 #
1o
1M
0L
1J
0H
#5890000
0!
0%
#5895000
1!
1%
b10 q
b0 r
b1010 '
b10 (
b10 #
b10 *
0o
1n
1N
0M
1L
0J
0I
b10 $
#5900000
0!
0%
#5905000
1!
1%
b0 q
b101011000001110 s
b101010111010010 s
b10 t
b1 r
b0 (
b0 #
b0 *
0n
b0 $
#5910000
0!
0%
#5915000
1!
1%
b1 t
b11001000 '
0N
1I
1H
#5920000
0!
0%
#5925000
1!
1%
b0 t
b1100100 '
1M
0L
1J
0H
#5930000
0!
0%
#5935000
1!
1%
b10 q
b0 r
b1010 '
b10 *
1N
0M
1L
0J
0I
b10 $
#5940000
0!
0%
#5945000
1!
1%
b0 q
b101010111011100 s
b110010 '
b0 *
0L
1K
1J
b0 $
#5950000
0!
0%
#5955000
1!
1%
b101011000001110 s
b10100 '
0N
1M
0J
#5960000
0!
0%
#5965000
1!
1%
b101011000100010 s
b11001000 '
0M
1L
0K
1I
1H
#5970000
0!
0%
#5975000
1!
1%
b101011011101010 s
#5980000
0!
0%
#5985000
1!
1%
b101011110110010 s
b1100100 '
1M
0L
1J
0H
#5990000
0!
0%
#5995000
1!
1%
b101100000010110 s
b11001000 '
0M
1L
0J
1H
#6000000
0!
0%
#6005000
1!
1%
b101100011011110 s
b1010 '
1N
0I
0H
#6010000
0!
0%
#6015000
1!
1%
b101100011101000 s
b110010 '
0L
1K
1J
#6020000
0!
0%
#6025000
1!
1%
b101100100011010 s
b10100 '
0N
1M
0J
#6030000
0!
0%
#6035000
1!
1%
b101100100101110 s
b1010 '
1N
0M
1L
0K
#6040000
0!
0%
#6045000
1!
1%
b101100100111000 s
b10100 '
0N
1M
0L
1K
#6050000
0!
0%
#6055000
1!
1%
b101100101001100 s
b110010 '
b1 (
b1 #
1o
1N
0M
1J
#6060000
0!
0%
#6065000
1!
1%
b101100101111110 s
b101100100101110 s
b1 u
b10 t
b1 r
b1010 '
b0 (
b0 #
0o
1L
0K
0J
#6070000
0!
0%
#6075000
1!
1%
b1 t
#6080000
0!
0%
#6085000
1!
1%
b0 t
#6090000
0!
0%
#6095000
1!
1%
b1 q
b0 r
b110010 '
b1 *
0L
1K
1J
b1 $
#6100000
0!
0%
#6105000
1!
1%
b0 q
b101100101100000 s
b11001000 '
b0 *
0N
1L
0K
0J
1I
1H
b0 $
#6110000
0!
0%
#6115000
1!
1%
b101101000101000 s
b110010 '
b1 (
b1 #
1o
1N
0L
1K
1J
0I
0H
#6120000
0!
0%
#6125000
1!
1%
b101101001011010 s
b101101000001010 s
b10 t
b1 r
b11001000 '
b0 (
b0 #
0o
0N
1L
0K
0J
1I
1H
#6130000
0!
0%
#6135000
1!
1%
b1 t
b1100100 '
1M
0L
1J
0H
#6140000
0!
0%
#6145000
1!
1%
b0 t
#6150000
0!
0%
#6155000
1!
1%
b1 q
b0 r
b1010 '
b10 (
b10 #
b1 *
1n
1N
0M
1L
0J
0I
b1 $
#6160000
0!
0%
#6165000
1!
1%
b0 q
b101101000010100 s
b101100111011000 s
b10 u
b10 t
b1 r
b10100 '
b0 *
0N
1M
0L
1K
b0 $
#6170000
0!
0%
#6175000
1!
1%
b1 t
b0 (
b0 #
0n
#6180000
0!
0%
#6185000
1!
1%
b0 t
b10 (
b10 #
1n
#6190000
0!
0%
#6195000
1!
1%
b10 q
b0 r
b110010 '
b0 (
b0 #
b10 *
0n
1N
0M
1J
b10 $
#6200000
0!
0%
#6205000
1!
1%
b0 q
b101101000001010 s
b1100100 '
b0 *
0N
1M
0K
1I
b0 $
#6210000
0!
0%
#6215000
1!
1%
b101101001101110 s
b110010 '
1N
0M
1K
0I
#6220000
0!
0%
#6225000
1!
1%
b101101010100000 s
b1100100 '
0N
1M
0K
1I
#6230000
0!
0%
#6235000
1!
1%
b101101100000100 s
b10100 '
1K
0J
0I
#6240000
0!
0%
#6245000
1!
1%
b101101100011000 s
b1010 '
b10 (
b10 #
1n
1N
0M
1L
0K
#6250000
0!
0%
#6255000
1!
1%
b101101100100010 s
b101101011100110 s
b10 t
b1 r
b10100 '
b0 (
b0 #
0n
0N
1M
0L
1K
#6260000
0!
0%
#6265000
1!
1%
b1 t
b1010 '
1N
0M
1L
0K
#6270000
0!
0%
#6275000
1!
1%
b0 t
#6280000
0!
0%
#6285000
1!
1%
b10 q
b0 r
b1100100 '
b1 (
b1 #
b10 *
1o
0N
1M
0L
1J
1I
b10 $
#6290000
0!
0%
#6295000
1!
1%
b0 q
b101101101001010 s
b101101011001000 s
b1 u
b10 t
b1 r
b110010 '
b0 (
b0 #
b0 *
0o
1N
0M
1K
0I
b0 $
#6300000
0!
0%
#6305000
1!
1%
b1 t
b11001000 '
0N
1L
0K
0J
1I
1H
#6310000
0!
0%
#6315000
1!
1%
b0 t
#6320000
0!
0%
#6325000
1!
1%
b1 q
b0 r
b1 *
b1 $
#6330000
0!
0%
#6335000
1!
1%
b0 q
b101101110010000 s
b1010 '
b1 (
b1 #
b0 *
1o
1N
0I
0H
b0 $
#6340000
0!
0%
#6345000
1!
1%
b101101110011010 s
b101101101110010 s
b10 t
b1 r
b110010 '
0L
1K
1J
#6350000
0!
0%
#6355000
1!
1%
b1 t
b10100 '
b0 (
b0 #
0o
0N
1M
0J
#6360000
0!
0%
#6365000
1!
1%
b0 t
b1100100 '
0K
1J
1I
#6370000
0!
0%
#6375000
1!
1%
b1 q
b0 r
b1 *
b1 $
#6380000
0!
0%
#6385000
1!
1%
b0 q
b101101111010110 s
b10100 '
b0 *
1K
0J
0I
b0 $
#6390000
0!
0%
#6395000
1!
1%
b101101111101010 s
b110010 '
1N
0M
1J
#6400000
0!
0%
#6405000
1!
1%
b101110000011100 s
#6410000
0!
0%
#6415000
1!
1%
b101110001001110 s
b11001000 '
0N
1L
0K
0J
1I
1H
#6420000
0!
0%
#6425000
1!
1%
b101110100010110 s
b1010 '
1N
0I
0H
#6430000
0!
0%
#6435000
1!
1%
b101110100100000 s
b1100100 '
b1 (
b1 #
1o
0N
1M
0L
1J
1I
#6440000
0!
0%
#6445000
1!
1%
b101110110000100 s
b101110100000010 s
b10 t
b1 r
b0 (
b0 #
0o
#6450000
0!
0%
#6455000
1!
1%
b1 t
b110010 '
1N
0M
1K
0I
#6460000
0!
0%
#6465000
1!
1%
b0 t
b1100100 '
b10 (
b10 #
1n
0N
1M
0K
1I
#6470000
0!
0%
#6475000
1!
1%
b1 q
b0 r
b10100 '
b0 (
b0 #
b1 *
0n
1K
0J
0I
b1 $
#6480000
0!
0%
#6485000
1!
1%
b0 q
b101110100010110 s
b1100100 '
b0 *
0K
1J
1I
b0 $
#6490000
0!
0%
#6495000
1!
1%
b101110101111010 s
b11001000 '
0M
1L
0J
1H
#6500000
0!
0%
#6505000
1!
1%
b101111001000010 s
b10100 '
1M
0L
1K
0I
0H
#6510000
0!
0%
#6515000
1!
1%
b101111001010110 s
b110010 '
1N
0M
1J
#6520000
0!
0%
#6525000
1!
1%
b101111010001000 s
b1010 '
1L
0K
0J
#6530000
0!
0%
#6535000
1!
1%
b101111010010010 s
#6540000
0!
0%
#6545000
1!
1%
b101111010011100 s
b110010 '
b1 (
b1 #
1o
0L
1K
1J
#6550000
0!
0%
#6555000
1!
1%
b101111011001110 s
b101111001111110 s
b10 t
b1 r
b10100 '
b0 (
b0 #
0o
0N
1M
0J
#6560000
0!
0%
#6565000
1!
1%
b1 t
b1010 '
1N
0M
1L
0K
#6570000
0!
0%
#6575000
1!
1%
b0 t
b1100100 '
0N
1M
0L
1J
1I
#6580000
0!
0%
#6585000
1!
1%
b1 q
b0 r
b110010 '
b1 *
1N
0M
1K
0I
b1 $
#6590000
0!
0%
#6595000
1!
1%
b0 q
b101111010110000 s
b11001000 '
b1 (
b1 #
b0 *
1o
0N
1L
0K
0J
1I
1H
b0 $
#6600000
0!
0%
#6605000
1!
1%
b101111101111000 s
b101111010010010 s
b10 t
b1 r
b110010 '
b0 (
b0 #
0o
1N
0L
1K
1J
0I
0H
#6610000
0!
0%
#6615000
1!
1%
b1 t
b11001000 '
0N
1L
0K
0J
1I
1H
#6620000
0!
0%
#6625000
1!
1%
b0 t
b10100 '
1M
0L
1K
0I
0H
#6630000
0!
0%
#6635000
1!
1%
b1 q
b0 r
b1010 '
b1 *
1N
0M
1L
0K
b1 $
#6640000
0!
0%
#6645000
1!
1%
b0 q
b101111010011100 s
b11001000 '
b10 (
b10 #
b0 *
1n
0N
1I
1H
b0 $
#6650000
0!
0%
#6655000
1!
1%
b101111101100100 s
b101111001101010 s
b10 u
b10 t
b1 r
b10100 '
b0 (
b0 #
0n
1M
0L
1K
0I
0H
#6660000
0!
0%
#6665000
1!
1%
b1 t
b110010 '
1N
0M
1J
#6670000
0!
0%
#6675000
1!
1%
b0 t
b10100 '
b10 (
b10 #
1n
0N
1M
0J
#6680000
0!
0%
#6685000
1!
1%
b10 q
b0 r
b110010 '
b0 (
b0 #
b10 *
0n
1N
0M
1J
b10 $
#6690000
0!
0%
#6695000
1!
1%
b0 q
b101111010011100 s
b1 (
b1 #
b0 *
1o
b0 $
#6700000
0!
0%
#6705000
1!
1%
b101111011001110 s
b101111001111110 s
b1 u
b10 t
b1 r
b11001000 '
b0 (
b0 #
0o
0N
1L
0K
0J
1I
1H
#6710000
0!
0%
#6715000
1!
1%
b1 t
b1010 '
b1 (
b1 #
1o
1N
0I
0H
#6720000
0!
0%
#6725000
1!
1%
b0 t
b10100 '
b10 (
b10 #
0o
1n
0N
1M
0L
1K
#6730000
0!
0%
#6735000
1!
1%
b1 q
b0 r
b1010 '
b0 (
b0 #
b1 *
0n
1N
0M
1L
0K
b1 $
#6740000
0!
0%
#6745000
1!
1%
b0 q
b101111010001000 s
b0 *
b0 $
#6750000
0!
0%
#6755000
1!
1%
b101111010010010 s
b11001000 '
0N
1I
1H
#6760000
0!
0%
#6765000
1!
1%
b101111101011010 s
b10100 '
1M
0L
1K
0I
0H
#6770000
0!
0%
#6775000
1!
1%
b101111101101110 s
b110010 '
1N
0M
1J
#6780000
0!
0%
#6785000
1!
1%
b101111110100000 s
#6790000
0!
0%
#6795000
1!
1%
b101111111010010 s
b11001000 '
0N
1L
0K
0J
1I
1H
#6800000
0!
0%
#6805000
1!
1%
b110000010011010 s
b1100100 '
b1 (
b1 #
1o
1M
0L
1J
0H
#6810000
0!
0%
#6815000
1!
1%
b110000011111110 s
b110000001111100 s
b10 t
b1 r
b0 (
b0 #
0o
#6820000
0!
0%
#6825000
1!
1%
b1 t
b11001000 '
0M
1L
0J
1H
#6830000
0!
0%
#6835000
1!
1%
b0 t
b1010 '
1N
0I
0H
#6840000
0!
0%
#6845000
1!
1%
b1 q
b0 r
b1 (
b1 #
b1 *
1o
b1 $
#6850000
0!
0%
#6855000
1!
1%
b0 q
b110000010000110 s
b110000001011110 s
b10 t
b1 r
b11001000 '
b0 (
b0 #
b0 *
0o
0N
1I
1H
b0 $
#6860000
0!
0%
#6865000
1!
1%
b1 t
b110010 '
1N
0L
1K
1J
0I
0H
#6870000
0!
0%
#6875000
1!
1%
b0 t
b1010 '
1L
0K
0J
#6880000
0!
0%
#6885000
1!
1%
b1 q
b0 r
b11001000 '
b1 *
0N
1I
1H
b1 $
#6890000
0!
0%
#6895000
1!
1%
b0 q
b110000100100110 s
b10100 '
b0 *
1M
0L
1K
0I
0H
b0 $
#6900000
0!
0%
#6905000
1!
1%
b110000100111010 s
b110010 '
1N
0M
1J
#6910000
0!
0%
#6915000
1!
1%
b110000101101100 s
#6920000
0!
0%
#6925000
1!
1%
b110000110011110 s
b11001000 '
0N
1L
0K
0J
1I
1H
#6930000
0!
0%
#6935000
1!
1%
b110001001100110 s
b10100 '
1M
0L
1K
0I
0H
#6940000
0!
0%
#6945000
1!
1%
b110001001111010 s
b1100100 '
0K
1J
1I
#6950000
0!
0%
#6955000
1!
1%
b110001011011110 s
b11001000 '
0M
1L
0J
1H
#6960000
0!
0%
#6965000
1!
1%
b110001110100110 s
b1100100 '
1M
0L
1J
0H
#6970000
0!
0%
#6975000
1!
1%
b110010000001010 s
b10100 '
1K
0J
0I
#6980000
0!
0%
#6985000
1!
1%
b110010000011110 s
b1010 '
1N
0M
1L
0K
#6990000
0!
0%
#6995000
1!
1%
b110010000101000 s
b11001000 '
0N
1I
1H
#7000000
0!
0%
#7005000
1!
1%
b110010011110000 s
b110010 '
1N
0L
1K
1J
0I
0H
#7010000
0!
0%
#7015000
1!
1%
b110010100100010 s
b1010 '
1L
0K
0J
#7020000
0!
0%
#7025000
1!
1%
b110010100101100 s
#7030000
0!
0%
#7035000
1!
1%
b110010100110110 s
b1100100 '
0N
1M
0L
1J
1I
#7040000
0!
0%
#7045000
1!
1%
b110010110011010 s
b110010 '
b1 (
b1 #
1o
1N
0M
1K
0I
#7050000
0!
0%
#7055000
1!
1%
b110010111001100 s
b110010101111100 s
b10 t
b1 r
b1010 '
b0 (
b0 #
0o
1L
0K
0J
#7060000
0!
0%
#7065000
1!
1%
b1 t
b110010 '
0L
1K
1J
#7070000
0!
0%
#7075000
1!
1%
b0 t
b10100 '
0N
1M
0J
#7080000
0!
0%
#7085000
1!
1%
b1 q
b0 r
b1100100 '
b1 *
0K
1J
1I
b1 $
#7090000
0!
0%
#7095000
1!
1%
b0 q
b110010111100000 s
b0 *
b0 $
#7100000
0!
0%
#7105000
1!
1%
b110011001000100 s
b10100 '
1K
0J
0I
#7110000
0!
0%
#7115000
1!
1%
b110011001011000 s
b110010 '
1N
0M
1J
#7120000
0!
0%
#7125000
1!
1%
b110011010001010 s
b11001000 '
0N
1L
0K
0J
1I
1H
#7130000
0!
0%
#7135000
1!
1%
b110011101010010 s
#7140000
0!
0%
#7145000
1!
1%
b110100000011010 s
b110010 '
1N
0L
1K
1J
0I
0H
#7150000
0!
0%
#7155000
1!
1%
b110100001001100 s
b1100100 '
0N
1M
0K
1I
#7160000
0!
0%
#7165000
1!
1%
b110100010110000 s
b10100 '
1K
0J
0I
#7170000
0!
0%
#7175000
1!
1%
b110100011000100 s
b110010 '
1N
0M
1J
#7180000
0!
0%
#7185000
1!
1%
b110100011110110 s
b1100100 '
0N
1M
0K
1I
#7190000
0!
0%
#7195000
1!
1%
b110100101011010 s
#7200000
0!
0%
#7205000
1!
1%
b110100110111110 s
b1010 '
1N
0M
1L
0J
0I
#7210000
0!
0%
#7215000
1!
1%
b110100111001000 s
b1 (
b1 #
1o
#7220000
0!
0%
#7225000
1!
1%
b110100111010010 s
b110100110101010 s
b10 t
b1 r
b1100100 '
b0 (
b0 #
0o
0N
1M
0L
1J
1I
#7230000
0!
0%
#7235000
1!
1%
b1 t
b10100 '
1K
0J
0I
#7240000
0!
0%
#7245000
1!
1%
b0 t
#7250000
0!
0%
#7255000
1!
1%
b1 q
b0 r
b11001000 '
b1 *
0M
1L
0K
1I
1H
b1 $
#7260000
0!
0%
#7265000
1!
1%
b0 q
b110101001110010 s
b0 *
b0 $
#7270000
0!
0%
#7275000
1!
1%
b110101100111010 s
b110010 '
b10 (
b10 #
1n
1N
0L
1K
1J
0I
0H
#7280000
0!
0%
#7285000
1!
1%
b110101101101100 s
b110101100001000 s
b10 u
b10 t
b1 r
b1100100 '
b0 (
b0 #
0n
0N
1M
0K
1I
#7290000
0!
0%
#7295000
1!
1%
b1 t
b11001000 '
0M
1L
0J
1H
#7300000
0!
0%
#7305000
1!
1%
b0 t
b1100100 '
1M
0L
1J
0H
#7310000
0!
0%
#7315000
1!
1%
b10 q
b0 r
b10 (
b10 #
b10 *
1n
b10 $
#7320000
0!
0%
#7325000
1!
1%
b0 q
b110101101101100 s
b110101011010110 s
b10 t
b1 r
b0 (
b0 #
b0 *
0n
b0 $
#7330000
0!
0%
#7335000
1!
1%
b1 t
#7340000
0!
0%
#7345000
1!
1%
b0 t
b110010 '
1N
0M
1K
0I
#7350000
0!
0%
#7355000
1!
1%
b10 q
b0 r
b10 *
b10 $
#7360000
0!
0%
#7365000
1!
1%
b0 q
b110101100001000 s
b10100 '
b1 (
b1 #
b0 *
1o
0N
1M
0J
b0 $
#7370000
0!
0%
#7375000
1!
1%
b110101100011100 s
b110101011101010 s
b1 u
b10 t
b1 r
b110010 '
b0 (
b0 #
0o
1N
0M
1J
#7380000
0!
0%
#7385000
1!
1%
b1 t
#7390000
0!
0%
#7395000
1!
1%
b0 t
b1010 '
1L
0K
0J
#7400000
0!
0%
#7405000
1!
1%
b1 q
b0 r
b11001000 '
b1 *
0N
1I
1H
b1 $
#7410000
0!
0%
#7415000
1!
1%
b0 q
b110101110110010 s
b110010 '
b10 (
b10 #
b0 *
1n
1N
0L
1K
1J
0I
0H
b0 $
#7420000
0!
0%
#7425000
1!
1%
b110101111100100 s
b110101110000000 s
b10 u
b10 t
b1 r
b0 (
b0 #
0n
#7430000
0!
0%
#7435000
1!
1%
b1 t
b1010 '
1L
0K
0J
#7440000
0!
0%
#7445000
1!
1%
b0 t
b110010 '
0L
1K
1J
#7450000
0!
0%
#7455000
1!
1%
b10 q
b0 r
b1100100 '
b10 (
b10 #
b10 *
1n
0N
1M
0K
1I
b10 $
#7460000
0!
0%
#7465000
1!
1%
b0 q
b110101111100100 s
b110101101001110 s
b10 t
b1 r
b10100 '
b1 (
b1 #
b0 *
1o
0n
1K
0J
0I
b0 $
#7470000
0!
0%
#7475000
1!
1%
b1 t
b11001000 '
b0 (
b0 #
0o
0M
1L
0K
1I
1H
#7480000
0!
0%
#7485000
1!
1%
b0 t
b110010 '
1N
0L
1K
1J
0I
0H
#7490000
0!
0%
#7495000
1!
1%
b10 q
b0 r
b1100100 '
b10 *
0N
1M
0K
1I
b10 $
#7500000
0!
0%
#7505000
1!
1%
b0 q
b110101110110010 s
b11001000 '
b0 *
0M
1L
0J
1H
b0 $
#7510000
0!
0%
#7515000
1!
1%
b110110001111010 s
b1100100 '
1M
0L
1J
0H
#7520000
0!
0%
#7525000
1!
1%
b110110011011110 s
#7530000
0!
0%
#7535000
1!
1%
b110110101000010 s
#7540000
0!
0%
#7545000
1!
1%
b110110110100110 s
b1010 '
1N
0M
1L
0J
0I
#7550000
0!
0%
#7555000
1!
1%
b110110110110000 s
b1100100 '
b1 (
b1 #
1o
0N
1M
0L
1J
1I
#7560000
0!
0%
#7565000
1!
1%
b110111000010100 s
b110110110010010 s
b1 u
b10 t
b1 r
b10100 '
b10 (
b10 #
0o
1n
1K
0J
0I
#7570000
0!
0%
#7575000
1!
1%
b1 t
#7580000
0!
0%
#7585000
1!
1%
b0 t
b1100100 '
b0 (
b0 #
0n
0K
1J
1I
#7590000
0!
0%
#7595000
1!
1%
b1 q
b0 r
b1 *
b1 $
#7600000
0!
0%
#7605000
1!
1%
b0 q
b110110111110110 s
b110010 '
b1 (
b1 #
b0 *
1o
1N
0M
1K
0I
b0 $
#7610000
0!
0%
#7615000
1!
1%
b110111000101000 s
b110110111011000 s
b10 t
b1 r
b0 (
b0 #
0o
#7620000
0!
0%
#7625000
1!
1%
b1 t
b1010 '
1L
0K
0J
#7630000
0!
0%
#7635000
1!
1%
b0 t
b110010 '
0L
1K
1J
#7640000
0!
0%
#7645000
1!
1%
b1 q
b0 r
b1010 '
b1 (
b1 #
b1 *
1o
1L
0K
0J
b1 $
#7650000
0!
0%
#7655000
1!
1%
b0 q
b110110111100010 s
b110110110111010 s
b10 t
b1 r
b11001000 '
b0 (
b0 #
b0 *
0o
0N
1I
1H
b0 $
#7660000
0!
0%
#7665000
1!
1%
b1 t
b10100 '
1M
0L
1K
0I
0H
#7670000
0!
0%
#7675000
1!
1%
b0 t
b1100100 '
0K
1J
1I
#7680000
0!
0%
#7685000
1!
1%
b1 q
b0 r
b1010 '
b1 *
1N
0M
1L
0J
0I
b1 $
#7690000
0!
0%
#7695000
1!
1%
b0 q
b110110111000100 s
b1100100 '
b0 *
0N
1M
0L
1J
1I
b0 $
#7700000
0!
0%
#7705000
1!
1%
b110111000101000 s
b11001000 '
0M
1L
0J
1H
#7710000
0!
0%
#7715000
1!
1%
b110111011110000 s
b110010 '
1N
0L
1K
1J
0I
0H
#7720000
0!
0%
#7725000
1!
1%
b110111100100010 s
b1010 '
1L
0K
0J
#7730000
0!
0%
#7735000
1!
1%
b110111100101100 s
#7740000
0!
0%
#7745000
1!
1%
b110111100110110 s
b1100100 '
0N
1M
0L
1J
1I
#7750000
0!
0%
#7755000
1!
1%
b110111110011010 s
b110010 '
1N
0M
1K
0I
#7760000
0!
0%
#7765000
1!
1%
b110111111001100 s
b10100 '
b1 (
b1 #
1o
0N
1M
0J
#7770000
0!
0%
#7775000
1!
1%
b110111111100000 s
b110111110101110 s
b10 t
b1 r
b1100100 '
b0 (
b0 #
0o
0K
1J
1I
#7780000
0!
0%
#7785000
1!
1%
b1 t
#7790000
0!
0%
#7795000
1!
1%
b0 t
b110010 '
1N
0M
1K
0I
#7800000
0!
0%
#7805000
1!
1%
b1 q
b0 r
b11001000 '
b1 (
b1 #
b1 *
1o
0N
1L
0K
0J
1I
1H
b1 $
#7810000
0!
0%
#7815000
1!
1%
b0 q
b111000001110110 s
b110111110010000 s
b10 t
b1 r
b110010 '
b0 (
b0 #
b0 *
0o
1N
0L
1K
1J
0I
0H
b0 $
#7820000
0!
0%
#7825000
1!
1%
b1 t
b1010 '
1L
0K
0J
#7830000
0!
0%
#7835000
1!
1%
b0 t
b11001000 '
0N
1I
1H
#7840000
0!
0%
#7845000
1!
1%
b1 q
b0 r
b10100 '
b1 *
1M
0L
1K
0I
0H
b1 $
#7850000
0!
0%
#7855000
1!
1%
b0 q
b110111110100100 s
b110010 '
b0 *
1N
0M
1J
b0 $
#7860000
0!
0%
#7865000
1!
1%
b110111111010110 s
b1 (
b1 #
1o
#7870000
0!
0%
#7875000
1!
1%
b111000000001000 s
b110111110111000 s
b10 t
b1 r
b0 '
b0 (
b0 #
0o
0N
0K
0J
#7880000
0!
0%
#7885000
1!
1%
b1 t
b11001000 '
1L
1I
1H
#7890000
0!
0%
#7895000
1!
1%
b0 t
b110010 '
1N
0L
1K
1J
0I
0H
#7900000
0!
0%
#7905000
1!
1%
b1 q
b0 r
b1100100 '
b1 *
0N
1M
0K
1I
b1 $
#7910000
0!
0%
#7915000
1!
1%
b0 q
b111000000011100 s
b11001000 '
b0 *
0M
1L
0J
1H
b0 $
#7920000
0!
0%
#7925000
1!
1%
b111000011100100 s
b110010 '
1N
0L
1K
1J
0I
0H
#7930000
0!
0%
#7935000
1!
1%
b111000100010110 s
b1010 '
1L
0K
0J
#7940000
0!
0%
#7945000
1!
1%
b111000100100000 s
b110010 '
0L
1K
1J
#7950000
0!
0%
#7955000
1!
1%
b111000101010010 s
b11001000 '
0N
1L
0K
0J
1I
1H
#7960000
0!
0%
#7965000
1!
1%
b111001000011010 s
#7970000
0!
0%
#7975000
1!
1%
b111001011100010 s
b110010 '
1N
0L
1K
1J
0I
0H
#7980000
0!
0%
#7985000
1!
1%
b111001100010100 s
b1010 '
1L
0K
0J
#7990000
0!
0%
#7995000
1!
1%
b111001100011110 s
b1100100 '
0N
1M
0L
1J
1I
#8000000
0!
0%
#8005000
1!
1%
b111001110000010 s
b1 (
b1 #
1o
#8010000
0!
0%
#8015000
1!
1%
b111001111100110 s
b111001101100100 s
b10 t
b1 r
b1010 '
b0 (
b0 #
0o
1N
0M
1L
0J
0I
#8020000
0!
0%
#8025000
1!
1%
b1 t
b1100100 '
0N
1M
0L
1J
1I
#8030000
0!
0%
#8035000
1!
1%
b0 t
b110010 '
1N
0M
1K
0I
#8040000
0!
0%
#8045000
1!
1%
b1 q
b0 r
b1100100 '
b1 *
0N
1M
0K
1I
b1 $
#8050000
0!
0%
#8055000
1!
1%
b0 q
b111001111001000 s
b11001000 '
b10 (
b10 #
b0 *
1n
0M
1L
0J
1H
b0 $
#8060000
0!
0%
#8065000
1!
1%
b111010010010000 s
b111001110010110 s
b10 u
b10 t
b1 r
b10100 '
b0 (
b0 #
0n
1M
0L
1K
0I
0H
#8070000
0!
0%
#8075000
1!
1%
b1 t
b1100100 '
b1 (
b1 #
1o
0K
1J
1I
#8080000
0!
0%
#8085000
1!
1%
b0 t
b11001000 '
0M
1L
0J
1H
#8090000
0!
0%
#8095000
1!
1%
b10 q
b0 r
b110010 '
b0 (
b0 #
b10 *
0o
1N
0L
1K
1J
0I
0H
b10 $
#8100000
0!
0%
#8105000
1!
1%
b0 q
b111001111001000 s
b10100 '
b0 *
0N
1M
0J
b0 $
#8110000
0!
0%
#8115000
1!
1%
b111001111011100 s
b1100100 '
b10 (
b10 #
1n
0K
1J
1I
#8120000
0!
0%
#8125000
1!
1%
b111010001000000 s
b111001110101010 s
b10 t
b1 r
b10100 '
b0 (
b0 #
0n
1K
0J
0I
#8130000
0!
0%
#8135000
1!
1%
b1 t
b0 '
0M
0K
#8140000
0!
0%
#8145000
1!
1%
b0 t
b1010 '
1N
1L
#8150000
0!
0%
#8155000
1!
1%
b10 q
b0 r
b11001000 '
b1 (
b1 #
b10 *
1o
0N
1I
1H
b10 $
#8160000
0!
0%
#8165000
1!
1%
b0 q
b111010001110010 s
b111001110001100 s
b1 u
b10 t
b1 r
b1100100 '
b0 (
b0 #
b0 *
0o
1M
0L
1J
0H
b0 $
#8170000
0!
0%
#8175000
1!
1%
b1 t
#8180000
0!
0%
#8185000
1!
1%
b0 t
b10100 '
1K
0J
0I
#8190000
0!
0%
#8195000
1!
1%
b1 q
b0 r
b1010 '
b1 (
b1 #
b1 *
1o
1N
0M
1L
0K
b1 $
#8200000
0!
0%
#8205000
1!
1%
b0 q
b111001110010110 s
b111001101101110 s
b10 t
b1 r
b11001000 '
b0 (
b0 #
b0 *
0o
0N
1I
1H
b0 $
#8210000
0!
0%
#8215000
1!
1%
b1 t
#8220000
0!
0%
#8225000
1!
1%
b0 t
b0 '
0L
0I
0H
#8230000
0!
0%
#8235000
1!
1%
b1 q
b0 r
b110010 '
b1 *
1N
1K
1J
b1 $
#8240000
0!
0%
#8245000
1!
1%
b0 q
b111001110100000 s
b1100100 '
b1 (
b1 #
b0 *
1o
0N
1M
0K
1I
b0 $
#8250000
0!
0%
#8255000
1!
1%
b111010000000100 s
b111001110000010 s
b10 t
b1 r
b10100 '
b0 (
b0 #
0o
1K
0J
0I
#8260000
0!
0%
#8265000
1!
1%
b1 t
b11001000 '
0M
1L
0K
1I
1H
#8270000
0!
0%
#8275000
1!
1%
b0 t
b110010 '
1N
0L
1K
1J
0I
0H
#8280000
0!
0%
#8285000
1!
1%
b1 q
b0 r
b1010 '
b1 *
1L
0K
0J
b1 $
#8290000
0!
0%
#8295000
1!
1%
b0 q
b111001110001100 s
b110010 '
b10 (
b10 #
b0 *
1n
0L
1K
1J
b0 $
#8300000
0!
0%
#8305000
1!
1%
b111001110111110 s
b111001101011010 s
b10 u
b10 t
b1 r
b1100100 '
b0 (
b0 #
0n
0N
1M
0K
1I
#8310000
0!
0%
#8315000
1!
1%
b1 t
b11001000 '
0M
1L
0J
1H
#8320000
0!
0%
#8325000
1!
1%
b0 t
b10100 '
1M
0L
1K
0I
0H
#8330000
0!
0%
#8335000
1!
1%
b10 q
b0 r
b11001000 '
b10 *
0M
1L
0K
1I
1H
b10 $
#8340000
0!
0%
#8345000
1!
1%
b0 q
b111010000100010 s
b10100 '
b0 *
1M
0L
1K
0I
0H
b0 $
#8350000
0!
0%
#8355000
1!
1%
b111010000110110 s
b1100100 '
0K
1J
1I
#8360000
0!
0%
#8365000
1!
1%
b111010010011010 s
b110010 '
1N
0M
1K
0I
#8370000
0!
0%
#8375000
1!
1%
b111010011001100 s
b10 (
b10 #
1n
#8380000
0!
0%
#8385000
1!
1%
b111010011111110 s
b111010010011010 s
b10 t
b1 r
b11001000 '
b0 (
b0 #
0n
0N
1L
0K
0J
1I
1H
#8390000
0!
0%
#8395000
1!
1%
b1 t
b110010 '
1N
0L
1K
1J
0I
0H
#8400000
0!
0%
#8405000
1!
1%
b0 t
b1010 '
b1 (
b1 #
1o
1L
0K
0J
#8410000
0!
0%
#8415000
1!
1%
b10 q
b0 r
b110010 '
b0 (
b0 #
b10 *
0o
0L
1K
1J
b10 $
#8420000
0!
0%
#8425000
1!
1%
b0 q
b111010011001100 s
b1100100 '
b0 *
0N
1M
0K
1I
b0 $
#8430000
0!
0%
#8435000
1!
1%
b111010100110000 s
b1010 '
1N
0M
1L
0J
0I
#8440000
0!
0%
#8445000
1!
1%
b111010100111010 s
b11001000 '
0N
1I
1H
#8450000
0!
0%
#8455000
1!
1%
b111011000000010 s
b1010 '
b1 (
b1 #
1o
1N
0I
0H
#8460000
0!
0%
#8465000
1!
1%
b111011000001100 s
b111010111100100 s
b1 u
b10 t
b1 r
b1100100 '
b0 (
b0 #
0o
0N
1M
0L
1J
1I
#8470000
0!
0%
#8475000
1!
1%
b1 t
b10100 '
1K
0J
0I
#8480000
0!
0%
#8485000
1!
1%
b0 t
b11001000 '
0M
1L
0K
1I
1H
#8490000
0!
0%
#8495000
1!
1%
b1 q
b0 r
b1010 '
b1 *
1N
0I
0H
b1 $
#8500000
0!
0%
#8505000
1!
1%
b0 q
b111010111101110 s
b0 *
b0 $
#8510000
0!
0%
#8515000
1!
1%
b111010111111000 s
b110010 '
0L
1K
1J
#8520000
0!
0%
#8525000
1!
1%
b111011000101010 s
b10100 '
0N
1M
0J
#8530000
0!
0%
#8535000
1!
1%
b111011000111110 s
#8540000
0!
0%
#8545000
1!
1%
b111011001010010 s
b1010 '
b1 (
b1 #
1o
1N
0M
1L
0K
#8550000
0!
0%
#8555000
1!
1%
b111011001011100 s
b111011000110100 s
b10 t
b1 r
b110010 '
b0 (
b0 #
0o
0L
1K
1J
#8560000
0!
0%
#8565000
1!
1%
b1 t
b11001000 '
0N
1L
0K
0J
1I
1H
#8570000
0!
0%
#8575000
1!
1%
b0 t
b1100100 '
1M
0L
1J
0H
#8580000
0!
0%
#8585000
1!
1%
b1 q
b0 r
b1 *
b1 $
#8590000
0!
0%
#8595000
1!
1%
b0 q
b111011010011000 s
b1010 '
b0 *
1N
0M
1L
0J
0I
b0 $
#8600000
0!
0%
#8605000
1!
1%
b111011010100010 s
b110010 '
0L
1K
1J
#8610000
0!
0%
#8615000
1!
1%
b111011011010100 s
b1100100 '
b10 (
b10 #
1n
0N
1M
0K
1I
#8620000
0!
0%
#8625000
1!
1%
b111011100111000 s
b111011010100010 s
b10 u
b10 t
b1 r
b1010 '
b0 (
b0 #
0n
1N
0M
1L
0J
0I
#8630000
0!
0%
#8635000
1!
1%
b1 t
b1100100 '
0N
1M
0L
1J
1I
#8640000
0!
0%
#8645000
1!
1%
b0 t
b11001000 '
0M
1L
0J
1H
#8650000
0!
0%
#8655000
1!
1%
b10 q
b0 r
b10 *
b10 $
#8660000
0!
0%
#8665000
1!
1%
b0 q
b111011101101010 s
b1100100 '
b10 (
b10 #
b0 *
1n
1M
0L
1J
0H
b0 $
#8670000
0!
0%
#8675000
1!
1%
b111011111001110 s
b111011100111000 s
b10 t
b1 r
b11001000 '
b0 (
b0 #
0n
0M
1L
0J
1H
#8680000
0!
0%
#8685000
1!
1%
b1 t
b10100 '
b10 (
b10 #
1n
1M
0L
1K
0I
0H
#8690000
0!
0%
#8695000
1!
1%
b0 t
b11001000 '
b0 (
b0 #
0n
0M
1L
0K
1I
1H
#8700000
0!
0%
#8705000
1!
1%
b10 q
b0 r
b10 *
b10 $
#8710000
0!
0%
#8715000
1!
1%
b0 q
b111100000000000 s
b1100100 '
b0 *
1M
0L
1J
0H
b0 $
#8720000
0!
0%
#8725000
1!
1%
b111100001100100 s
#8730000
0!
0%
#8735000
1!
1%
b111100011001000 s
b1010 '
1N
0M
1L
0J
0I
#8740000
0!
0%
#8745000
1!
1%
b111100011010010 s
b10100 '
0N
1M
0L
1K
#8750000
0!
0%
#8755000
1!
1%
b111100011100110 s
b110010 '
1N
0M
1J
#8760000
0!
0%
#8765000
1!
1%
b111100100011000 s
b1100100 '
0N
1M
0K
1I
#8770000
0!
0%
#8775000
1!
1%
b111100101111100 s
b110010 '
b10 (
b10 #
1n
1N
0M
1K
0I
#8780000
0!
0%
#8785000
1!
1%
b111100110101110 s
b111100101001010 s
b10 t
b1 r
b0 (
b0 #
0n
#8790000
0!
0%
#8795000
1!
1%
b1 t
b10100 '
0N
1M
0J
#8800000
0!
0%
#8805000
1!
1%
b0 t
b1 (
b1 #
1o
#8810000
0!
0%
#8815000
1!
1%
b10 q
b0 r
b1100100 '
b0 (
b0 #
b10 *
0o
0K
1J
1I
b10 $
#8820000
0!
0%
#8825000
1!
1%
b0 q
b111100110101110 s
b10100 '
b0 *
1K
0J
0I
b0 $
#8830000
0!
0%
#8835000
1!
1%
b111100111000010 s
b1100100 '
0K
1J
1I
#8840000
0!
0%
#8845000
1!
1%
b111101000100110 s
#8850000
0!
0%
#8855000
1!
1%
b111101010001010 s
b10100 '
b10 (
b10 #
1n
1K
0J
0I
#8860000
0!
0%
#8865000
1!
1%
b111101010011110 s
b111101001011000 s
b10 t
b1 r
b1010 '
b0 (
b0 #
0n
1N
0M
1L
0K
#8870000
0!
0%
#8875000
1!
1%
b1 t
b10100 '
0N
1M
0L
1K
#8880000
0!
0%
#8885000
1!
1%
b0 t
#8890000
0!
0%
#8895000
1!
1%
b10 q
b0 r
b1100100 '
b10 *
0K
1J
1I
b10 $
#8900000
0!
0%
#8905000
1!
1%
b0 q
b111101010111100 s
b0 '
b0 *
0M
0J
0I
b0 $
#8910000
0!
0%
#8915000
1!
1%
b1100100 '
b10 (
b10 #
1n
1M
1J
1I
#8920000
0!
0%
#8925000
1!
1%
b111101100100000 s
b111101010001010 s
b10 t
b1 r
b11001000 '
b0 (
b0 #
0n
0M
1L
0J
1H
#8930000
0!
0%
#8935000
1!
1%
b1 t
b10100 '
1M
0L
1K
0I
0H
#8940000
0!
0%
#8945000
1!
1%
b0 t
b1010 '
1N
0M
1L
0K
#8950000
0!
0%
#8955000
1!
1%
b10 q
b0 r
b1 (
b1 #
b10 *
1o
b10 $
#8960000
0!
0%
#8965000
1!
1%
b0 q
b111101010010100 s
b111101001101100 s
b1 u
b10 t
b1 r
b1100100 '
b0 (
b0 #
b0 *
0o
0N
1M
0L
1J
1I
b0 $
#8970000
0!
0%
#8975000
1!
1%
b1 t
b1010 '
1N
0M
1L
0J
0I
#8980000
0!
0%
#8985000
1!
1%
b0 t
#8990000
0!
0%
#8995000
1!
1%
b1 q
b0 r
b110010 '
b1 *
0L
1K
1J
b1 $
#9000000
0!
0%
#9005000
1!
1%
b0 q
b111101010011110 s
b1100100 '
b0 *
0N
1M
0K
1I
b0 $
#9010000
0!
0%
#9015000
1!
1%
b111101100000010 s
b11001000 '
0M
1L
0J
1H
#9020000
0!
0%
#9025000
1!
1%
b111101111001010 s
b10100 '
1M
0L
1K
0I
0H
#9030000
0!
0%
#9035000
1!
1%
b111101111011110 s
b110010 '
b10 (
b10 #
1n
1N
0M
1J
#9040000
0!
0%
#9045000
1!
1%
b111110000010000 s
b111101110101100 s
b10 u
b10 t
b1 r
b11001000 '
b0 (
b0 #
0n
0N
1L
0K
0J
1I
1H
#9050000
0!
0%
#9055000
1!
1%
b1 t
b10100 '
1M
0L
1K
0I
0H
#9060000
0!
0%
#9065000
1!
1%
b0 t
b1100100 '
b1 (
b1 #
1o
0K
1J
1I
#9070000
0!
0%
#9075000
1!
1%
b10 q
b0 r
b1010 '
b10 (
b10 #
b10 *
0o
1n
1N
0M
1L
0J
0I
b10 $
#9080000
0!
0%
#9085000
1!
1%
b0 q
b111101110110110 s
b111101101111010 s
b10 t
b1 r
b110010 '
b0 (
b0 #
b0 *
0n
0L
1K
1J
b0 $
#9090000
0!
0%
#9095000
1!
1%
b1 t
b10100 '
0N
1M
0J
#9100000
0!
0%
#9105000
1!
1%
b0 t
b110010 '
1N
0M
1J
#9110000
0!
0%
#9115000
1!
1%
b10 q
b0 r
b11001000 '
b10 *
0N
1L
0K
0J
1I
1H
b10 $
#9120000
0!
0%
#9125000
1!
1%
b0 q
b111110001000010 s
b1 (
b1 #
b0 *
1o
b0 $
#9130000
0!
0%
#9135000
1!
1%
b111110100001010 s
b111110000100100 s
b1 u
b10 t
b1 r
b1100100 '
b0 (
b0 #
0o
1M
0L
1J
0H
#9140000
0!
0%
#9145000
1!
1%
b1 t
b110010 '
1N
0M
1K
0I
#9150000
0!
0%
#9155000
1!
1%
b0 t
b1010 '
1L
0K
0J
#9160000
0!
0%
#9165000
1!
1%
b1 q
b0 r
b1100100 '
b1 *
0N
1M
0L
1J
1I
b1 $
#9170000
0!
0%
#9175000
1!
1%
b0 q
b111110010001000 s
b11001000 '
b0 *
0M
1L
0J
1H
b0 $
#9180000
0!
0%
#9185000
1!
1%
b111110101010000 s
b110010 '
1N
0L
1K
1J
0I
0H
#9190000
0!
0%
#9195000
1!
1%
b111110110000010 s
b10100 '
0N
1M
0J
#9200000
0!
0%
#9205000
1!
1%
b111110110010110 s
b1100100 '
0K
1J
1I
#9210000
0!
0%
#9215000
1!
1%
b111110111111010 s
b11001000 '
0M
1L
0J
1H
#9220000
0!
0%
#9225000
1!
1%
b111111011000010 s
b10100 '
1M
0L
1K
0I
0H
#9230000
0!
0%
#9235000
1!
1%
b111111011010110 s
#9240000
0!
0%
#9245000
1!
1%
b111111011101010 s
b10 (
b10 #
1n
#9250000
0!
0%
#9255000
1!
1%
b111111011111110 s
b111111010111000 s
b10 u
b10 t
b1 r
b11001000 '
b0 (
b0 #
0n
0M
1L
0K
1I
1H
#9260000
0!
0%
#9265000
1!
1%
b1 t
b1010 '
1N
0I
0H
#9270000
0!
0%
#9275000
1!
1%
b0 t
b1100100 '
0N
1M
0L
1J
1I
#9280000
0!
0%
#9285000
1!
1%
b10 q
b0 r
b11001000 '
b10 *
0M
1L
0J
1H
b10 $
#9290000
0!
0%
#9295000
1!
1%
b0 q
b111111110000000 s
b110010 '
b0 *
1N
0L
1K
1J
0I
0H
b0 $
#9300000
0!
0%
#9305000
1!
1%
b111111110110010 s
#9310000
0!
0%
#9315000
1!
1%
b111111111100100 s
b1010 '
1L
0K
0J
#9320000
0!
0%
#9325000
1!
1%
b111111111101110 s
b10100 '
b10 (
b10 #
1n
0N
1M
0L
1K
#9330000
0!
0%
#9335000
1!
1%
b1000000000000010 s
b111111110111100 s
b10 t
b1 r
b110010 '
b0 (
b0 #
0n
1N
0M
1J
#9340000
0!
0%
#9345000
1!
1%
b1 t
b1100100 '
0N
1M
0K
1I
#9350000
0!
0%
#9355000
1!
1%
b0 t
b1010 '
1N
0M
1L
0J
0I
#9360000
0!
0%
#9365000
1!
1%
b10 q
b0 r
b10100 '
b10 *
0N
1M
0L
1K
b10 $
#9370000
0!
0%
#9375000
1!
1%
b0 q
b111111111010000 s
b110010 '
b0 *
1N
0M
1J
b0 $
#9380000
0!
0%
#9385000
1!
1%
b1000000000000010 s
b1010 '
b1 (
b1 #
1o
1L
0K
0J
#9390000
0!
0%
#9395000
1!
1%
b1000000000001100 s
b111111111100100 s
b1 u
b10 t
b1 r
b10100 '
b0 (
b0 #
0o
0N
1M
0L
1K
#9400000
0!
0%
#9405000
1!
1%
b1 t
b11001000 '
0M
1L
0K
1I
1H
#9410000
0!
0%
#9415000
1!
1%
b0 t
b1100100 '
b1 (
b1 #
1o
1M
0L
1J
0H
#9420000
0!
0%
#9425000
1!
1%
b1 q
b0 r
b10100 '
b0 (
b0 #
b1 *
0o
1K
0J
0I
b1 $
#9430000
0!
0%
#9435000
1!
1%
b0 q
b111111111111000 s
b0 *
b0 $
#9440000
0!
0%
#9445000
1!
1%
b1000000000001100 s
b11001000 '
0M
1L
0K
1I
1H
#9450000
0!
0%
#9455000
1!
1%
b1000000011010100 s
b1100100 '
1M
0L
1J
0H
#9460000
0!
0%
#9465000
1!
1%
b1000000100111000 s
#9470000
0!
0%
#9475000
1!
1%
b1000000110011100 s
#9480000
0!
0%
#9485000
1!
1%
b1000001000000000 s
b110010 '
1N
0M
1K
0I
#9490000
0!
0%
#9495000
1!
1%
b1000001000110010 s
b1100100 '
b1 (
b1 #
1o
0N
1M
0K
1I
#9500000
0!
0%
#9505000
1!
1%
b1000001010010110 s
b1000001000010100 s
b10 t
b1 r
b110010 '
b0 (
b0 #
0o
1N
0M
1K
0I
#9510000
0!
0%
#9515000
1!
1%
b1 t
b10100 '
b1 (
b1 #
1o
0N
1M
0J
#9520000
0!
0%
#9525000
1!
1%
b0 t
b1010 '
b0 (
b0 #
0o
1N
0M
1L
0K
#9530000
0!
0%
#9535000
1!
1%
b1 q
b0 r
b10100 '
b10 (
b10 #
b1 *
1n
0N
1M
0L
1K
b1 $
#9540000
0!
0%
#9545000
1!
1%
b0 q
b1000001000101000 s
b1000000111100010 s
b10 u
b10 t
b1 r
b1010 '
b0 (
b0 #
b0 *
0n
1N
0M
1L
0K
b0 $
#9550000
0!
0%
#9555000
1!
1%
b1 t
#9560000
0!
0%
#9565000
1!
1%
b0 t
b1100100 '
0N
1M
0L
1J
1I
#9570000
0!
0%
#9575000
1!
1%
b10 q
b0 r
b10100 '
b10 *
1K
0J
0I
b10 $
#9580000
0!
0%
#9585000
1!
1%
b0 q
b1000000111110110 s
b1010 '
b0 *
1N
0M
1L
0K
b0 $
#9590000
0!
0%
#9595000
1!
1%
b1000001000000000 s
b110010 '
0L
1K
1J
#9600000
0!
0%
#9605000
1!
1%
b1000001000110010 s
b11001000 '
0N
1L
0K
0J
1I
1H
#9610000
0!
0%
#9615000
1!
1%
b1000001011111010 s
b110010 '
1N
0L
1K
1J
0I
0H
#9620000
0!
0%
#9625000
1!
1%
b1000001100101100 s
b11001000 '
0N
1L
0K
0J
1I
1H
#9630000
0!
0%
#9635000
1!
1%
b1000001111110100 s
b1100100 '
1M
0L
1J
0H
#9640000
0!
0%
#9645000
1!
1%
b1000010001011000 s
b11001000 '
0M
1L
0J
1H
#9650000
0!
0%
#9655000
1!
1%
b1000010100100000 s
b1100100 '
1M
0L
1J
0H
#9660000
0!
0%
#9665000
1!
1%
b1000010110000100 s
#9670000
0!
0%
#9675000
1!
1%
b1000010111101000 s
#9680000
0!
0%
#9685000
1!
1%
b1000011001001100 s
b1010 '
b10 (
b10 #
1n
1N
0M
1L
0J
0I
#9690000
0!
0%
#9695000
1!
1%
b1000011001010110 s
b1000011000011010 s
b10 t
b1 r
b11001000 '
b0 (
b0 #
0n
0N
1I
1H
#9700000
0!
0%
#9705000
1!
1%
b1 t
b110010 '
1N
0L
1K
1J
0I
0H
#9710000
0!
0%
#9715000
1!
1%
b0 t
b10100 '
0N
1M
0J
#9720000
0!
0%
#9725000
1!
1%
b10 q
b0 r
b10 *
b10 $
#9730000
0!
0%
#9735000
1!
1%
b0 q
b1000011000101110 s
b1100100 '
b0 *
0K
1J
1I
b0 $
#9740000
0!
0%
#9745000
1!
1%
b1000011010010010 s
b110010 '
1N
0M
1K
0I
#9750000
0!
0%
#9755000
1!
1%
b1000011011000100 s
b0 '
0N
0K
0J
#9760000
0!
0%
#9765000
1!
1%
b11001000 '
1L
1I
1H
#9770000
0!
0%
#9775000
1!
1%
b1000011110001100 s
b1010 '
1N
0I
0H
#9780000
0!
0%
#9785000
1!
1%
b1000011110010110 s
b1100100 '
0N
1M
0L
1J
1I
#9790000
0!
0%
#9795000
1!
1%
b1000011111111010 s
b10100 '
1K
0J
0I
#9800000
0!
0%
#9805000
1!
1%
b1000100000001110 s
b1010 '
1N
0M
1L
0K
#9810000
0!
0%
#9815000
1!
1%
b1000100000011000 s
b1100100 '
0N
1M
0L
1J
1I
#9820000
0!
0%
#9825000
1!
1%
b1000100001111100 s
b110010 '
1N
0M
1K
0I
#9830000
0!
0%
#9835000
1!
1%
b1000100010101110 s
b11001000 '
0N
1L
0K
0J
1I
1H
#9840000
0!
0%
#9845000
1!
1%
b1000100101110110 s
b1010 '
1N
0I
0H
#9850000
0!
0%
#9855000
1!
1%
b1000100110000000 s
b11001000 '
0N
1I
1H
#9860000
0!
0%
#9865000
1!
1%
b1000101001001000 s
b10 (
b10 #
1n
#9870000
0!
0%
#9875000
1!
1%
b1000101100010000 s
b1000101000010110 s
b10 t
b1 r
b10100 '
b0 (
b0 #
0n
1M
0L
1K
0I
0H
#9880000
0!
0%
#9885000
1!
1%
b1 t
#9890000
0!
0%
#9895000
1!
1%
b0 t
b1010 '
1N
0M
1L
0K
#9900000
0!
0%
#9905000
1!
1%
b10 q
b0 r
b1100100 '
b10 *
0N
1M
0L
1J
1I
b10 $
#9910000
0!
0%
#9915000
1!
1%
b0 q
b1000101001111010 s
b0 *
b0 $
#9920000
0!
0%
#9925000
1!
1%
b1000101011011110 s
b1010 '
1N
0M
1L
0J
0I
#9930000
0!
0%
#9935000
1!
1%
b1000101011101000 s
b110010 '
0L
1K
1J
#9940000
0!
0%
#9945000
1!
1%
b1000101100011010 s
b10100 '
0N
1M
0J
#9950000
0!
0%
#9955000
1!
1%
b1000101100101110 s
#9960000
0!
0%
#9965000
1!
1%
b1000101101000010 s
b1010 '
1N
0M
1L
0K
#9970000
0!
0%
#9975000
1!
1%
b1000101101001100 s
#9980000
0!
0%
#9985000
1!
1%
b1000101101010110 s
b10100 '
0N
1M
0L
1K
#9990000
0!
0%
#9995000
1!
1%
b1000101101101010 s
b110010 '
1N
0M
1J
#10000000
0!
0%
#10005000
1!
1%
b1000101110011100 s
b11001000 '
0N
1L
0K
0J
1I
1H
#10010000
0!
0%
#10015000
1!
1%
b1000110001100100 s
b1010 '
1N
0I
0H
#10020000
0!
0%
#10025000
1!
1%
b1000110001101110 s
b10100 '
b10 (
b10 #
1n
0N
1M
0L
1K
#10030000
0!
0%
#10035000
1!
1%
b1000110010000010 s
b1000110000111100 s
b10 t
b1 r
b110010 '
b0 (
b0 #
0n
1N
0M
1J
#10040000
0!
0%
#10045000
1!
1%
b1 t
#10050000
0!
0%
#10055000
1!
1%
b0 t
b11001000 '
0N
1L
0K
0J
1I
1H
#10060000
0!
0%
#10065000
1!
1%
b10 q
b0 r
b110010 '
b10 *
1N
0L
1K
1J
0I
0H
b10 $
#10070000
0!
0%
#10075000
1!
1%
b0 q
b1000110001101110 s
b11001000 '
b0 *
0N
1L
0K
0J
1I
1H
b0 $
#10080000
0!
0%
#10085000
1!
1%
b1000110100110110 s
b1010 '
1N
0I
0H
#10090000
0!
0%
#10095000
1!
1%
b1000110101000000 s
b11001000 '
0N
1I
1H
#10100000
0!
0%
#10105000
1!
1%
b1000111000001000 s
#10110000
0!
0%
#10115000
1!
1%
b1000111011010000 s
b1 (
b1 #
1o
#10120000
0!
0%
#10125000
1!
1%
b1000111110011000 s
b1000111010110010 s
b1 u
b10 t
b1 r
b0 (
b0 #
0o
#10130000
0!
0%
#10135000
1!
1%
b1 t
b1010 '
b10 (
b10 #
1n
1N
0I
0H
#10140000
0!
0%
#10145000
1!
1%
b0 t
b10100 '
b0 (
b0 #
0n
0N
1M
0L
1K
#10150000
0!
0%
#10155000
1!
1%
b1 q
b0 r
b10 (
b10 #
b1 *
1n
b1 $
#10160000
0!
0%
#10165000
1!
1%
b0 q
b1000111011000110 s
b1000111010000000 s
b10 u
b10 t
b1 r
b1100100 '
b0 (
b0 #
b0 *
0n
0K
1J
1I
b0 $
#10170000
0!
0%
#10175000
1!
1%
b1 t
b110010 '
1N
0M
1K
0I
#10180000
0!
0%
#10185000
1!
1%
b0 t
b1100100 '
0N
1M
0K
1I
#10190000
0!
0%
#10195000
1!
1%
b10 q
b0 r
b1010 '
b1 (
b1 #
b10 *
1o
1N
0M
1L
0J
0I
b10 $
#10200000
0!
0%
#10205000
1!
1%
b0 q
b1000111010001010 s
b1000111001100010 s
b1 u
b10 t
b1 r
b10100 '
b0 (
b0 #
b0 *
0o
0N
1M
0L
1K
b0 $
#10210000
0!
0%
#10215000
1!
1%
b1 t
b1100100 '
0K
1J
1I
#10220000
0!
0%
#10225000
1!
1%
b0 t
b10100 '
1K
0J
0I
#10230000
0!
0%
#10235000
1!
1%
b1 q
b0 r
b110010 '
b1 *
1N
0M
1J
b1 $
#10240000
0!
0%
#10245000
1!
1%
b0 q
b1000111010010100 s
b1 (
b1 #
b0 *
1o
b0 $
#10250000
0!
0%
#10255000
1!
1%
b1000111011000110 s
b1000111001110110 s
b10 t
b1 r
b1100100 '
b0 (
b0 #
0o
0N
1M
0K
1I
#10260000
0!
0%
#10265000
1!
1%
b1 t
b110010 '
1N
0M
1K
0I
#10270000
0!
0%
#10275000
1!
1%
b0 t
b11001000 '
0N
1L
0K
0J
1I
1H
#10280000
0!
0%
#10285000
1!
1%
b1 q
b0 r
b1010 '
b1 (
b1 #
b1 *
1o
1N
0I
0H
b1 $
#10290000
0!
0%
#10295000
1!
1%
b0 q
b1000111010000000 s
b1000111001011000 s
b10 t
b1 r
b11001000 '
b0 (
b0 #
b0 *
0o
0N
1I
1H
b0 $
#10300000
0!
0%
#10305000
1!
1%
b1 t
b1010 '
b10 (
b10 #
1n
1N
0I
0H
#10310000
0!
0%
#10315000
1!
1%
b0 t
b10100 '
0N
1M
0L
1K
#10320000
0!
0%
#10325000
1!
1%
b1 q
b0 r
b1010 '
b0 (
b0 #
b1 *
0n
1N
0M
1L
0K
b1 $
#10330000
0!
0%
#10335000
1!
1%
b0 q
b1000111001100010 s
b110010 '
b10 (
b10 #
b0 *
1n
0L
1K
1J
b0 $
#10340000
0!
0%
#10345000
1!
1%
b1000111010010100 s
b1000111000110000 s
b10 u
b10 t
b1 r
b1010 '
b0 (
b0 #
0n
1L
0K
0J
#10350000
0!
0%
#10355000
1!
1%
b1 t
#10360000
0!
0%
#10365000
1!
1%
b0 t
b11001000 '
b10 (
b10 #
1n
0N
1I
1H
#10370000
0!
0%
#10375000
1!
1%
b10 q
b0 r
b10100 '
b0 (
b0 #
b10 *
0n
1M
0L
1K
0I
0H
b10 $
#10380000
0!
0%
#10385000
1!
1%
b0 q
b1000111001000100 s
b1010 '
b0 *
1N
0M
1L
0K
b0 $
#10390000
0!
0%
#10395000
1!
1%
b1000111001001110 s
b1100100 '
0N
1M
0L
1J
1I
#10400000
0!
0%
#10405000
1!
1%
b1000111010110010 s
b10100 '
1K
0J
0I
#10410000
0!
0%
#10415000
1!
1%
b1000111011000110 s
b110010 '
1N
0M
1J
#10420000
0!
0%
#10425000
1!
1%
b1000111011111000 s
b10100 '
0N
1M
0J
#10430000
0!
0%
#10435000
1!
1%
b1000111100001100 s
b11001000 '
0M
1L
0K
1I
1H
#10440000
0!
0%
#10445000
1!
1%
b1000111111010100 s
b110010 '
1N
0L
1K
1J
0I
0H
#10450000
0!
0%
#10455000
1!
1%
b1001000000000110 s
b10100 '
0N
1M
0J
#10460000
0!
0%
#10465000
1!
1%
b1001000000011010 s
b1100100 '
0K
1J
1I
#10470000
0!
0%
#10475000
1!
1%
b1001000001111110 s
b1010 '
1N
0M
1L
0J
0I
#10480000
0!
0%
#10485000
1!
1%
b1001000010001000 s
b10100 '
0N
1M
0L
1K
#10490000
0!
0%
#10495000
1!
1%
b1001000010011100 s
b11001000 '
0M
1L
0K
1I
1H
#10500000
0!
0%
#10505000
1!
1%
b1001000101100100 s
b10100 '
b1 (
b1 #
1o
1M
0L
1K
0I
0H
#10510000
0!
0%
#10515000
1!
1%
b1001000101111000 s
b1001000101000110 s
b1 u
b10 t
b1 r
b11001000 '
b0 (
b0 #
0o
0M
1L
0K
1I
1H
#10520000
0!
0%
#10525000
1!
1%
b1 t
b0 '
0L
0I
0H
#10530000
0!
0%
#10535000
1!
1%
b0 t
b110010 '
1N
1K
1J
#10540000
0!
0%
#10545000
1!
1%
b1 q
b0 r
b1010 '
b1 *
1L
0K
0J
b1 $
#10550000
0!
0%
#10555000
1!
1%
b0 q
b1001000101010000 s
b1100100 '
b0 *
0N
1M
0L
1J
1I
b0 $
#10560000
0!
0%
#10565000
1!
1%
b1001000110110100 s
b1010 '
1N
0M
1L
0J
0I
#10570000
0!
0%
#10575000
1!
1%
b1001000110111110 s
b11001000 '
0N
1I
1H
#10580000
0!
0%
#10585000
1!
1%
b1001001010000110 s
b1100100 '
1M
0L
1J
0H
#10590000
0!
0%
#10595000
1!
1%
b1001001011101010 s
b110010 '
b10 (
b10 #
1n
1N
0M
1K
0I
#10600000
0!
0%
#10605000
1!
1%
b1001001100011100 s
b1001001010111000 s
b10 u
b10 t
b1 r
b1010 '
b1 (
b1 #
1o
0n
1L
0K
0J
#10610000
0!
0%
#10615000
1!
1%
b1 t
b1100100 '
b0 (
b0 #
0o
0N
1M
0L
1J
1I
#10620000
0!
0%
#10625000
1!
1%
b0 t
b11001000 '
0M
1L
0J
1H
#10630000
0!
0%
#10635000
1!
1%
b10 q
b0 r
b10 *
b10 $
#10640000
0!
0%
#10645000
1!
1%
b0 q
b1001001110000000 s
b1010 '
b0 *
1N
0I
0H
b0 $
#10650000
0!
0%
#10655000
1!
1%
b1001001110001010 s
b1100100 '
0N
1M
0L
1J
1I
#10660000
0!
0%
#10665000
1!
1%
b1001001111101110 s
b1010 '
1N
0M
1L
0J
0I
#10670000
0!
0%
#10675000
1!
1%
b1001001111111000 s
b1100100 '
0N
1M
0L
1J
1I
#10680000
0!
0%
#10685000
1!
1%
b1001010001011100 s
b11001000 '
0M
1L
0J
1H
#10690000
0!
0%
#10695000
1!
1%
b1001010100100100 s
#10700000
0!
0%
#10705000
1!
1%
b1001010111101100 s
b110010 '
1N
0L
1K
1J
0I
0H
#10710000
0!
0%
#10715000
1!
1%
b1001011000011110 s
b10100 '
0N
1M
0J
#10720000
0!
0%
#10725000
1!
1%
b1001011000110010 s
b110010 '
1N
0M
1J
#10730000
0!
0%
#10735000
1!
1%
b1001011001100100 s
b1010 '
1L
0K
0J
#10740000
0!
0%
#10745000
1!
1%
b1001011001101110 s
#10750000
0!
0%
#10755000
1!
1%
b1001011001111000 s
b11001000 '
0N
1I
1H
#10760000
0!
0%
#10765000
1!
1%
b1001011101000000 s
b10100 '
1M
0L
1K
0I
0H
#10770000
0!
0%
#10775000
1!
1%
b1001011101010100 s
b1010 '
1N
0M
1L
0K
#10780000
0!
0%
#10785000
1!
1%
b1001011101011110 s
b1100100 '
0N
1M
0L
1J
1I
#10790000
0!
0%
#10795000
1!
1%
b1001011111000010 s
#10800000
0!
0%
#10805000
1!
1%
b1001100000100110 s
b1010 '
1N
0M
1L
0J
0I
#10810000
0!
0%
#10815000
1!
1%
b1001100000110000 s
b110010 '
0L
1K
1J
#10820000
0!
0%
#10825000
1!
1%
b1001100001100010 s
b1010 '
1L
0K
0J
#10830000
0!
0%
#10835000
1!
1%
b1001100001101100 s
b11001000 '
0N
1I
1H
#10840000
0!
0%
#10845000
1!
1%
b1001100100110100 s
b1100100 '
1M
0L
1J
0H
#10850000
0!
0%
#10855000
1!
1%
b1001100110011000 s
b11001000 '
0M
1L
0J
1H
#10860000
0!
0%
#10865000
1!
1%
b1001101001100000 s
b1 (
b1 #
1o
#10870000
0!
0%
#10875000
1!
1%
b1001101100101000 s
b1001101001000010 s
b1 u
b10 t
b1 r
b0 '
b0 (
b0 #
0o
0L
0I
0H
#10880000
0!
0%
#10885000
1!
1%
b1 t
b1100100 '
1M
1J
1I
#10890000
0!
0%
#10895000
1!
1%
b0 t
b10100 '
1K
0J
0I
#10900000
0!
0%
#10905000
1!
1%
b1 q
b0 r
b1100100 '
b1 *
0K
1J
1I
b1 $
#10910000
0!
0%
#10915000
1!
1%
b0 q
b1001101010100110 s
b10100 '
b0 *
1K
0J
0I
b0 $
#10920000
0!
0%
#10925000
1!
1%
b1001101010111010 s
b11001000 '
0M
1L
0K
1I
1H
#10930000
0!
0%
#10935000
1!
1%
b1001101110000010 s
b110010 '
1N
0L
1K
1J
0I
0H
#10940000
0!
0%
#10945000
1!
1%
b1001101110110100 s
b11001000 '
0N
1L
0K
0J
1I
1H
#10950000
0!
0%
#10955000
1!
1%
b1001110001111100 s
b1100100 '
1M
0L
1J
0H
#10960000
0!
0%
#10965000
1!
1%
b1001110011100000 s
#10970000
0!
0%
#10975000
1!
1%
b1001110101000100 s
b110010 '
1N
0M
1K
0I
#10980000
0!
0%
#10985000
1!
1%
b1001110101110110 s
#10990000
0!
0%
#10995000
1!
1%
b1001110110101000 s
b1010 '
1L
0K
0J
#11000000
0!
0%
#11005000
1!
1%
b1001110110110010 s
b10100 '
0N
1M
0L
1K
#11010000
0!
0%
#11015000
1!
1%
b1001110111000110 s
b1010 '
1N
0M
1L
0K
#11020000
0!
0%
#11025000
1!
1%
b1001110111010000 s
#11030000
0!
0%
#11035000
1!
1%
b1001110111011010 s
b11001000 '
0N
1I
1H
#11040000
0!
0%
#11045000
1!
1%
b1001111010100010 s
b1010 '
1N
0I
0H
#11050000
0!
0%
#11055000
1!
1%
b1001111010101100 s
b11001000 '
0N
1I
1H
#11060000
0!
0%
#11065000
1!
1%
b1001111101110100 s
#11070000
0!
0%
#11075000
1!
1%
b1010000000111100 s
b110010 '
1N
0L
1K
1J
0I
0H
#11080000
0!
0%
#11085000
1!
1%
b1010000001101110 s
b1100100 '
0N
1M
0K
1I
#11090000
0!
0%
#11095000
1!
1%
b1010000011010010 s
b11001000 '
0M
1L
0J
1H
#11100000
0!
0%
#11105000
1!
1%
b1010000110011010 s
#11110000
0!
0%
#11115000
1!
1%
b1010001001100010 s
b110010 '
1N
0L
1K
1J
0I
0H
#11120000
0!
0%
#11125000
1!
1%
b1010001010010100 s
b1010 '
1L
0K
0J
#11130000
0!
0%
#11135000
1!
1%
b1010001010011110 s
b1100100 '
0N
1M
0L
1J
1I
#11140000
0!
0%
#11145000
1!
1%
b1010001100000010 s
b11001000 '
0M
1L
0J
1H
#11150000
0!
0%
#11155000
1!
1%
b1010001111001010 s
#11160000
0!
0%
#11165000
1!
1%
b1010010010010010 s
b1010 '
1N
0I
0H
#11170000
0!
0%
#11175000
1!
1%
b1010010010011100 s
b11001000 '
0N
1I
1H
#11180000
0!
0%
#11185000
1!
1%
b1010010101100100 s
#11190000
0!
0%
#11195000
1!
1%
b1010011000101100 s
b110010 '
1N
0L
1K
1J
0I
0H
#11200000
0!
0%
#11205000
1!
1%
b1010011001011110 s
#11210000
0!
0%
#11215000
1!
1%
b1010011010010000 s
b10100 '
0N
1M
0J
#11220000
0!
0%
#11225000
1!
1%
b1010011010100100 s
b1010 '
1N
0M
1L
0K
#11230000
0!
0%
#11235000
1!
1%
b1010011010101110 s
b110010 '
0L
1K
1J
#11240000
0!
0%
#11245000
1!
1%
b1010011011100000 s
b10100 '
0N
1M
0J
#11250000
0!
0%
#11255000
1!
1%
b1010011011110100 s
b110010 '
1N
0M
1J
#11260000
0!
0%
#11265000
1!
1%
b1010011100100110 s
b10100 '
b10 (
b10 #
1n
0N
1M
0J
#11270000
0!
0%
#11275000
1!
1%
b1010011100111010 s
b1010011011110100 s
b10 u
b10 t
b1 r
b1100100 '
b0 (
b0 #
0n
0K
1J
1I
#11280000
0!
0%
#11285000
1!
1%
b1 t
#11290000
0!
0%
#11295000
1!
1%
b0 t
b10100 '
1K
0J
0I
#11300000
0!
0%
#11305000
1!
1%
b10 q
b0 r
b1010 '
b10 *
1N
0M
1L
0K
b10 $
#11310000
0!
0%
#11315000
1!
1%
b0 q
b1010011011111110 s
b11001000 '
b0 *
0N
1I
1H
b0 $
#11320000
0!
0%
#11325000
1!
1%
b1010011111000110 s
b110010 '
1N
0L
1K
1J
0I
0H
#11330000
0!
0%
#11335000
1!
1%
b1010011111111000 s
b11001000 '
b10 (
b10 #
1n
0N
1L
0K
0J
1I
1H
#11340000
0!
0%
#11345000
1!
1%
b1010100011000000 s
b1010011111000110 s
b10 t
b1 r
b10100 '
b0 (
b0 #
0n
1M
0L
1K
0I
0H
#11350000
0!
0%
#11355000
1!
1%
b1 t
b1 (
b1 #
1o
#11360000
0!
0%
#11365000
1!
1%
b0 t
b11001000 '
b0 (
b0 #
0o
0M
1L
0K
1I
1H
#11370000
0!
0%
#11375000
1!
1%
b10 q
b0 r
b10100 '
b10 *
1M
0L
1K
0I
0H
b10 $
#11380000
0!
0%
#11385000
1!
1%
b0 q
b1010011111011010 s
b110010 '
b0 *
1N
0M
1J
b0 $
#11390000
0!
0%
#11395000
1!
1%
b1010100000001100 s
b11001000 '
0N
1L
0K
0J
1I
1H
#11400000
0!
0%
#11405000
1!
1%
b1010100011010100 s
b10100 '
1M
0L
1K
0I
0H
#11410000
0!
0%
#11415000
1!
1%
b1010100011101000 s
b1010 '
1N
0M
1L
0K
#11420000
0!
0%
#11425000
1!
1%
b1010100011110010 s
b11001000 '
b1 (
b1 #
1o
0N
1I
1H
#11430000
0!
0%
#11435000
1!
1%
b1010100110111010 s
b1010100011010100 s
b1 u
b10 t
b1 r
b0 '
b0 (
b0 #
0o
0L
0I
0H
#11440000
0!
0%
#11445000
1!
1%
b1 t
b110010 '
b1 (
b1 #
1o
1N
1K
1J
#11450000
0!
0%
#11455000
1!
1%
b0 t
b11001000 '
b0 (
b0 #
0o
0N
1L
0K
0J
1I
1H
#11460000
0!
0%
#11465000
1!
1%
b1 q
b0 r
b1 *
b1 $
#11470000
0!
0%
#11475000
1!
1%
b0 q
b1010100110011100 s
b10100 '
b1 (
b1 #
b0 *
1o
1M
0L
1K
0I
0H
b0 $
#11480000
0!
0%
#11485000
1!
1%
b1010100110110000 s
b1010100101111110 s
b10 t
b1 r
b1100100 '
0K
1J
1I
#11490000
0!
0%
#11495000
1!
1%
b1 t
b0 (
b0 #
0o
#11500000
0!
0%
#11505000
1!
1%
b0 t
b110010 '
1N
0M
1K
0I
#11510000
0!
0%
#11515000
1!
1%
b1 q
b0 r
b10100 '
b1 *
0N
1M
0J
b1 $
#11520000
0!
0%
#11525000
1!
1%
b0 q
b1010100110010010 s
b1100100 '
b0 *
0K
1J
1I
b0 $
#11530000
0!
0%
#11535000
1!
1%
b1010100111110110 s
b110010 '
1N
0M
1K
0I
#11540000
0!
0%
#11545000
1!
1%
b1010101000101000 s
b11001000 '
0N
1L
0K
0J
1I
1H
#11550000
0!
0%
#11555000
1!
1%
b1010101011110000 s
b1010 '
1N
0I
0H
#11560000
0!
0%
#11565000
1!
1%
b1010101011111010 s
b11001000 '
0N
1I
1H
#11570000
0!
0%
#11575000
1!
1%
b1010101111000010 s
b110010 '
1N
0L
1K
1J
0I
0H
#11580000
0!
0%
#11585000
1!
1%
b1010101111110100 s
#11590000
0!
0%
#11595000
1!
1%
b1010110000100110 s
b11001000 '
0N
1L
0K
0J
1I
1H
#11600000
0!
0%
#11605000
1!
1%
b1010110011101110 s
b1010 '
1N
0I
0H
#11610000
0!
0%
#11615000
1!
1%
b1010110011111000 s
b10100 '
0N
1M
0L
1K
#11620000
0!
0%
#11625000
1!
1%
b1010110100001100 s
b1100100 '
0K
1J
1I
#11630000
0!
0%
#11635000
1!
1%
b1010110101110000 s
b11001000 '
0M
1L
0J
1H
#11640000
0!
0%
#11645000
1!
1%
b1010111000111000 s
b1100100 '
1M
0L
1J
0H
#11650000
0!
0%
#11655000
1!
1%
b1010111010011100 s
b10100 '
1K
0J
0I
#11660000
0!
0%
#11665000
1!
1%
b1010111010110000 s
b1010 '
1N
0M
1L
0K
#11670000
0!
0%
#11675000
1!
1%
b1010111010111010 s
b10100 '
0N
1M
0L
1K
#11680000
0!
0%
#11685000
1!
1%
b1010111011001110 s
b1 (
b1 #
1o
#11690000
0!
0%
#11695000
1!
1%
b1010111011100010 s
b1010111010110000 s
b10 t
b1 r
b11001000 '
b0 (
b0 #
0o
0M
1L
0K
1I
1H
#11700000
0!
0%
#11705000
1!
1%
b1 t
b10100 '
1M
0L
1K
0I
0H
#11710000
0!
0%
#11715000
1!
1%
b0 t
#11720000
0!
0%
#11725000
1!
1%
b1 q
b0 r
b1 *
b1 $
#11730000
0!
0%
#11735000
1!
1%
b0 q
b1010111011000100 s
b11001000 '
b0 *
0M
1L
0K
1I
1H
b0 $
#11740000
0!
0%
#11745000
1!
1%
b1010111110001100 s
b10100 '
1M
0L
1K
0I
0H
#11750000
0!
0%
#11755000
1!
1%
b1010111110100000 s
b1100100 '
0K
1J
1I
#11760000
0!
0%
#11765000
1!
1%
b1011000000000100 s
b10100 '
1K
0J
0I
#11770000
0!
0%
#11775000
1!
1%
b1011000000011000 s
b1010 '
b1 (
b1 #
1o
1N
0M
1L
0K
#11780000
0!
0%
#11785000
1!
1%
b1011000000100010 s
b1010111111111010 s
b10 t
b1 r
b1100100 '
b10 (
b10 #
0o
1n
0N
1M
0L
1J
1I
#11790000
0!
0%
#11795000
1!
1%
b1 t
b0 (
b0 #
0n
#11800000
0!
0%
#11805000
1!
1%
b0 t
b11001000 '
b1 (
b1 #
1o
0M
1L
0J
1H
#11810000
0!
0%
#11815000
1!
1%
b1 q
b0 r
b1 *
b1 $
#11820000
0!
0%
#11825000
1!
1%
b0 q
b1011000011000010 s
b1010111111011100 s
b10 t
b1 r
b10100 '
b10 (
b10 #
b0 *
0o
1n
1M
0L
1K
0I
0H
b0 $
#11830000
0!
0%
#11835000
1!
1%
b1 t
b11001000 '
b0 (
b0 #
0n
0M
1L
0K
1I
1H
#11840000
0!
0%
#11845000
1!
1%
b0 t
#11850000
0!
0%
#11855000
1!
1%
b1 q
b0 r
b110010 '
b10 (
b10 #
b1 *
1n
1N
0L
1K
1J
0I
0H
b1 $
#11860000
0!
0%
#11865000
1!
1%
b0 q
b1011000000001110 s
b1010111110101010 s
b10 u
b10 t
b1 r
b1010 '
b0 (
b0 #
b0 *
0n
1L
0K
0J
b0 $
#11870000
0!
0%
#11875000
1!
1%
b1 t
b10100 '
0N
1M
0L
1K
#11880000
0!
0%
#11885000
1!
1%
b0 t
b11001000 '
b10 (
b10 #
1n
0M
1L
0K
1I
1H
#11890000
0!
0%
#11895000
1!
1%
b10 q
b0 r
b10100 '
b10 *
1M
0L
1K
0I
0H
b10 $
#11900000
0!
0%
#11905000
1!
1%
b0 q
b1010111110111110 s
b1010111101111000 s
b10 t
b1 r
b1010 '
b1 (
b1 #
b0 *
1o
0n
1N
0M
1L
0K
b0 $
#11910000
0!
0%
#11915000
1!
1%
b1 t
b1100100 '
b0 (
b0 #
0o
0N
1M
0L
1J
1I
#11920000
0!
0%
#11925000
1!
1%
b0 t
b1010 '
b1 (
b1 #
1o
1N
0M
1L
0J
0I
#11930000
0!
0%
#11935000
1!
1%
b10 q
b0 r
b0 (
b0 #
b10 *
0o
b10 $
#11940000
0!
0%
#11945000
1!
1%
b0 q
b1010111110000010 s
b11001000 '
b0 *
0N
1I
1H
b0 $
#11950000
0!
0%
#11955000
1!
1%
b1011000001001010 s
b1100100 '
1M
0L
1J
0H
#11960000
0!
0%
#11965000
1!
1%
b1011000010101110 s
b10100 '
1K
0J
0I
#11970000
0!
0%
#11975000
1!
1%
b1011000011000010 s
b11001000 '
b10 (
b10 #
1n
0M
1L
0K
1I
1H
#11980000
0!
0%
#11985000
1!
1%
b1011000110001010 s
b1011000010010000 s
b10 t
b1 r
b10100 '
b1 (
b1 #
1o
0n
1M
0L
1K
0I
0H
#11990000
0!
0%
#11995000
1!
1%
b1 t
b1010 '
b0 (
b0 #
0o
1N
0M
1L
0K
#12000000
0!
0%
#12005000
1!
1%
b0 t
b110010 '
0L
1K
1J
#12010000
0!
0%
#12015000
1!
1%
b10 q
b0 r
b1100100 '
b10 *
0N
1M
0K
1I
b10 $
#12020000
0!
0%
#12025000
1!
1%
b0 q
b1011000011110100 s
b11001000 '
b0 *
0M
1L
0J
1H
b0 $
#12030000
0!
0%
#12035000
1!
1%
b1011000110111100 s
b1010 '
1N
0I
0H
#12040000
0!
0%
#12045000
1!
1%
b1011000111000110 s
b1100100 '
0N
1M
0L
1J
1I
#12050000
0!
0%
#12055000
1!
1%
b1011001000101010 s
#12060000
0!
0%
#12065000
1!
1%
b1011001010001110 s
b1010 '
1N
0M
1L
0J
0I
#12070000
0!
0%
#12075000
1!
1%
b1011001010011000 s
b1100100 '
0N
1M
0L
1J
1I
#12080000
0!
0%
#12085000
1!
1%
b1011001011111100 s
b1010 '
b1 (
b1 #
1o
1N
0M
1L
0J
0I
#12090000
0!
0%
#12095000
1!
1%
b1011001100000110 s
b1011001011011110 s
b1 u
b10 t
b1 r
b0 '
b0 (
b0 #
0o
0N
0L
#12100000
0!
0%
#12105000
1!
1%
b1 t
b1010 '
1N
1L
#12110000
0!
0%
#12115000
1!
1%
b0 t
b11001000 '
0N
1I
1H
#12120000
0!
0%
#12125000
1!
1%
b1 q
b0 r
b1010 '
b1 *
1N
0I
0H
b1 $
#12130000
0!
0%
#12135000
1!
1%
b0 q
b1011001011101000 s
b0 *
b0 $
#12140000
0!
0%
#12145000
1!
1%
b1011001011110010 s
b11001000 '
b10 (
b10 #
1n
0N
1I
1H
#12150000
0!
0%
#12155000
1!
1%
b1011001110111010 s
b1011001011000000 s
b10 u
b10 t
b1 r
b1010 '
b0 (
b0 #
0n
1N
0I
0H
#12160000
0!
0%
#12165000
1!
1%
b1 t
b110010 '
0L
1K
1J
#12170000
0!
0%
#12175000
1!
1%
b0 t
b10100 '
0N
1M
0J
#12180000
0!
0%
#12185000
1!
1%
b10 q
b0 r
b110010 '
b10 *
1N
0M
1J
b10 $
#12190000
0!
0%
#12195000
1!
1%
b0 q
b1011001011110010 s
b11001000 '
b10 (
b10 #
b0 *
1n
0N
1L
0K
0J
1I
1H
b0 $
#12200000
0!
0%
#12205000
1!
1%
b1011001110111010 s
b1011001011000000 s
b10 t
b1 r
b0 (
b0 #
0n
#12210000
0!
0%
#12215000
1!
1%
b1 t
#12220000
0!
0%
#12225000
1!
1%
b0 t
b10100 '
1M
0L
1K
0I
0H
#12230000
0!
0%
#12235000
1!
1%
b10 q
b0 r
b11001000 '
b10 *
0M
1L
0K
1I
1H
b10 $
#12240000
0!
0%
#12245000
1!
1%
b0 q
b1011001110001000 s
b1010 '
b1 (
b1 #
b0 *
1o
1N
0I
0H
b0 $
#12250000
0!
0%
#12255000
1!
1%
b1011001110010010 s
b1011001101101010 s
b1 u
b10 t
b1 r
b10100 '
b0 (
b0 #
0o
0N
1M
0L
1K
#12260000
0!
0%
#12265000
1!
1%
b1 t
#12270000
0!
0%
#12275000
1!
1%
b0 t
b1100100 '
0K
1J
1I
#12280000
0!
0%
#12285000
1!
1%
b1 q
b0 r
b1010 '
b1 *
1N
0M
1L
0J
0I
b1 $
#12290000
0!
0%
#12295000
1!
1%
b0 q
b1011001101110100 s
b1 (
b1 #
b0 *
1o
b0 $
#12300000
0!
0%
#12305000
1!
1%
b1011001101111110 s
b1011001101010110 s
b10 t
b1 r
b0 (
b0 #
0o
#12310000
0!
0%
#12315000
1!
1%
b1 t
b11001000 '
0N
1I
1H
#12320000
0!
0%
#12325000
1!
1%
b0 t
#12330000
0!
0%
#12335000
1!
1%
b1 q
b0 r
b110010 '
b1 *
1N
0L
1K
1J
0I
0H
b1 $
#12340000
0!
0%
#12345000
1!
1%
b0 q
b1011001110001000 s
b1010 '
b0 *
1L
0K
0J
b0 $
#12350000
0!
0%
#12355000
1!
1%
b1011001110010010 s
b11001000 '
0N
1I
1H
#12360000
0!
0%
#12365000
1!
1%
b1011010001011010 s
b1010 '
1N
0I
0H
#12370000
0!
0%
#12375000
1!
1%
b1011010001100100 s
b1100100 '
0N
1M
0L
1J
1I
#12380000
0!
0%
#12385000
1!
1%
b1011010011001000 s
b1010 '
1N
0M
1L
0J
0I
#12390000
0!
0%
#12395000
1!
1%
b1011010011010010 s
b110010 '
b10 (
b10 #
1n
0L
1K
1J
#12400000
0!
0%
#12405000
1!
1%
b1011010100000100 s
b1011010010100000 s
b10 u
b10 t
b1 r
b11001000 '
b0 (
b0 #
0n
0N
1L
0K
0J
1I
1H
#12410000
0!
0%
#12415000
1!
1%
b1 t
b1100100 '
1M
0L
1J
0H
#12420000
0!
0%
#12425000
1!
1%
b0 t
b11001000 '
0M
1L
0J
1H
#12430000
0!
0%
#12435000
1!
1%
b10 q
b0 r
b1100100 '
b10 *
1M
0L
1J
0H
b10 $
#12440000
0!
0%
#12445000
1!
1%
b0 q
b1011010100000100 s
b11001000 '
b0 *
0M
1L
0J
1H
b0 $
#12450000
0!
0%
#12455000
1!
1%
b1011010111001100 s
b10100 '
1M
0L
1K
0I
0H
#12460000
0!
0%
#12465000
1!
1%
b1011010111100000 s
b1010 '
b10 (
b10 #
1n
1N
0M
1L
0K
#12470000
0!
0%
#12475000
1!
1%
b1011010111101010 s
b1011010110101110 s
b10 t
b1 r
b1 (
b1 #
1o
0n
#12480000
0!
0%
#12485000
1!
1%
b1 t
b0 (
b0 #
0o
#12490000
0!
0%
#12495000
1!
1%
b0 t
b110010 '
0L
1K
1J
#12500000
0!
0%
#12505000
1!
1%
b10 q
b0 r
b1010 '
b10 *
1L
0K
0J
b10 $
#12510000
0!
0%
#12515000
1!
1%
b0 q
b1011010110111000 s
b1 (
b1 #
b0 *
1o
b0 $
#12520000
0!
0%
#12525000
1!
1%
b1011010111000010 s
b1011010110011010 s
b1 u
b10 t
b1 r
b11001000 '
b0 (
b0 #
0o
0N
1I
1H
#12530000
0!
0%
#12535000
1!
1%
b1 t
b110010 '
1N
0L
1K
1J
0I
0H
#12540000
0!
0%
#12545000
1!
1%
b0 t
b1100100 '
0N
1M
0K
1I
#12550000
0!
0%
#12555000
1!
1%
b1 q
b0 r
b10100 '
b1 *
1K
0J
0I
b1 $
#12560000
0!
0%
#12565000
1!
1%
b0 q
b1011010110101110 s
b0 *
b0 $
#12570000
0!
0%
#12575000
1!
1%
b1011010111000010 s
#12580000
0!
0%
#12585000
1!
1%
b1011010111010110 s
b11001000 '
0M
1L
0K
1I
1H
#12590000
0!
0%
#12595000
1!
1%
b1011011010011110 s
b10100 '
1M
0L
1K
0I
0H
#12600000
0!
0%
#12605000
1!
1%
b1011011010110010 s
b1100100 '
0K
1J
1I
#12610000
0!
0%
#12615000
1!
1%
b1011011100010110 s
b1010 '
b1 (
b1 #
1o
1N
0M
1L
0J
0I
#12620000
0!
0%
#12625000
1!
1%
b1011011100100000 s
b1011011011111000 s
b10 t
b1 r
b10100 '
b0 (
b0 #
0o
0N
1M
0L
1K
#12630000
0!
0%
#12635000
1!
1%
b1 t
b110010 '
1N
0M
1J
#12640000
0!
0%
#12645000
1!
1%
b0 t
b11001000 '
0N
1L
0K
0J
1I
1H
#12650000
0!
0%
#12655000
1!
1%
b1 q
b0 r
b10 (
b10 #
b1 *
1n
b1 $
#12660000
0!
0%
#12665000
1!
1%
b0 q
b1011011111000000 s
b1011011011000110 s
b10 u
b10 t
b1 r
b0 (
b0 #
b0 *
0n
b0 $
#12670000
0!
0%
#12675000
1!
1%
b1 t
b1100100 '
1M
0L
1J
0H
#12680000
0!
0%
#12685000
1!
1%
b0 t
b0 '
0M
0J
0I
#12690000
0!
0%
#12695000
1!
1%
b10 q
b0 r
b1010 '
b10 *
1N
1L
b10 $
#12700000
0!
0%
#12705000
1!
1%
b0 q
b1011011011010000 s
b11001000 '
b0 *
0N
1I
1H
b0 $
#12710000
0!
0%
#12715000
1!
1%
b1011011110011000 s
#12720000
0!
0%
#12725000
1!
1%
b1011100001100000 s
b1100100 '
1M
0L
1J
0H
#12730000
0!
0%
#12735000
1!
1%
b1011100011000100 s
#12740000
0!
0%
#12745000
1!
1%
b1011100100101000 s
b1010 '
1N
0M
1L
0J
0I
#12750000
0!
0%
#12755000
1!
1%
b1011100100110010 s
b10100 '
0N
1M
0L
1K
#12760000
0!
0%
#12765000
1!
1%
b1011100101000110 s
b1 (
b1 #
1o
#12770000
0!
0%
#12775000
1!
1%
b1011100101011010 s
b1011100100101000 s
b1 u
b10 t
b1 r
b1100100 '
b0 (
b0 #
0o
0K
1J
1I
#12780000
0!
0%
#12785000
1!
1%
b1 t
b1010 '
1N
0M
1L
0J
0I
#12790000
0!
0%
#12795000
1!
1%
b0 t
b1 (
b1 #
1o
#12800000
0!
0%
#12805000
1!
1%
b1 q
b0 r
b110010 '
b0 (
b0 #
b1 *
0o
0L
1K
1J
b1 $
#12810000
0!
0%
#12815000
1!
1%
b0 q
b1011100101011010 s
b10100 '
b1 (
b1 #
b0 *
1o
0N
1M
0J
b0 $
#12820000
0!
0%
#12825000
1!
1%
b1011100101101110 s
b1011100100111100 s
b10 t
b1 r
b0 (
b0 #
0o
#12830000
0!
0%
#12835000
1!
1%
b1 t
b110010 '
b10 (
b10 #
1n
1N
0M
1J
#12840000
0!
0%
#12845000
1!
1%
b0 t
#12850000
0!
0%
#12855000
1!
1%
b1 q
b0 r
b11001000 '
b0 (
b0 #
b1 *
0n
0N
1L
0K
0J
1I
1H
b1 $
#12860000
0!
0%
#12865000
1!
1%
b0 q
b1011101000000100 s
b10100 '
b0 *
1M
0L
1K
0I
0H
b0 $
#12870000
0!
0%
#12875000
1!
1%
b1011101000011000 s
b11001000 '
0M
1L
0K
1I
1H
#12880000
0!
0%
#12885000
1!
1%
b1011101011100000 s
b10100 '
1M
0L
1K
0I
0H
#12890000
0!
0%
#12895000
1!
1%
b1011101011110100 s
b110010 '
1N
0M
1J
#12900000
0!
0%
#12905000
1!
1%
b1011101100100110 s
b1100100 '
b1 (
b1 #
1o
0N
1M
0K
1I
#12910000
0!
0%
#12915000
1!
1%
b1011101110001010 s
b1011101100001000 s
b10 t
b1 r
b11001000 '
0M
1L
0J
1H
#12920000
0!
0%
#12925000
1!
1%
b1 t
b10100 '
b10 (
b10 #
0o
1n
1M
0L
1K
0I
0H
#12930000
0!
0%
#12935000
1!
1%
b0 t
b1010 '
b0 (
b0 #
0n
1N
0M
1L
0K
#12940000
0!
0%
#12945000
1!
1%
b1 q
b0 r
b10100 '
b1 *
0N
1M
0L
1K
b1 $
#12950000
0!
0%
#12955000
1!
1%
b0 q
b1011101100011100 s
b110010 '
b10 (
b10 #
b0 *
1n
1N
0M
1J
b0 $
#12960000
0!
0%
#12965000
1!
1%
b1011101101001110 s
b1011101011101010 s
b10 u
b10 t
b1 r
b0 (
b0 #
0n
#12970000
0!
0%
#12975000
1!
1%
b1 t
b1010 '
b10 (
b10 #
1n
1L
0K
0J
#12980000
0!
0%
#12985000
1!
1%
b0 t
b10100 '
b0 (
b0 #
0n
0N
1M
0L
1K
#12990000
0!
0%
#12995000
1!
1%
b10 q
b0 r
b1 (
b1 #
b10 *
1o
b10 $
#13000000
0!
0%
#13005000
1!
1%
b0 q
b1011101011111110 s
b1011101011001100 s
b1 u
b10 t
b1 r
b1100100 '
b0 (
b0 #
b0 *
0o
0K
1J
1I
b0 $
#13010000
0!
0%
#13015000
1!
1%
b1 t
b11001000 '
0M
1L
0J
1H
#13020000
0!
0%
#13025000
1!
1%
b0 t
b1010 '
b10 (
b10 #
1n
1N
0I
0H
#13030000
0!
0%
#13035000
1!
1%
b1 q
b0 r
b0 (
b0 #
b1 *
0n
b1 $
#13040000
0!
0%
#13045000
1!
1%
b0 q
b1011101011010110 s
b110010 '
b0 *
0L
1K
1J
b0 $
#13050000
0!
0%
#13055000
1!
1%
b1011101100001000 s
#13060000
0!
0%
#13065000
1!
1%
b1011101100111010 s
b1010 '
b10 (
b10 #
1n
1L
0K
0J
#13070000
0!
0%
#13075000
1!
1%
b1011101101000100 s
b1011101100001000 s
b10 u
b10 t
b1 r
b10100 '
b0 (
b0 #
0n
0N
1M
0L
1K
#13080000
0!
0%
#13085000
1!
1%
b1 t
b1010 '
b10 (
b10 #
1n
1N
0M
1L
0K
#13090000
0!
0%
#13095000
1!
1%
b0 t
b0 (
b0 #
0n
#13100000
0!
0%
#13105000
1!
1%
b10 q
b0 r
b110010 '
b10 *
0L
1K
1J
b10 $
#13110000
0!
0%
#13115000
1!
1%
b0 q
b1011101100111010 s
b1010 '
b0 *
1L
0K
0J
b0 $
#13120000
0!
0%
#13125000
1!
1%
b1011101101000100 s
#13130000
0!
0%
#13135000
1!
1%
b1011101101001110 s
b11001000 '
0N
1I
1H
#13140000
0!
0%
#13145000
1!
1%
b1011110000010110 s
b10100 '
1M
0L
1K
0I
0H
#13150000
0!
0%
#13155000
1!
1%
b1011110000101010 s
b11001000 '
0M
1L
0K
1I
1H
#13160000
0!
0%
#13165000
1!
1%
b1011110011110010 s
b1100100 '
1M
0L
1J
0H
#13170000
0!
0%
#13175000
1!
1%
b1011110101010110 s
b1010 '
1N
0M
1L
0J
0I
#13180000
0!
0%
#13185000
1!
1%
b1011110101100000 s
#13190000
0!
0%
#13195000
1!
1%
b1011110101101010 s
b10100 '
0N
1M
0L
1K
#13200000
0!
0%
#13205000
1!
1%
b1011110101111110 s
b110010 '
1N
0M
1J
#13210000
0!
0%
#13215000
1!
1%
b1011110110110000 s
b1010 '
b1 (
b1 #
1o
1L
0K
0J
#13220000
0!
0%
#13225000
1!
1%
b1011110110111010 s
b1011110110010010 s
b1 u
b10 t
b1 r
b110010 '
b10 (
b10 #
0o
1n
0L
1K
1J
#13230000
0!
0%
#13235000
1!
1%
b1 t
b1100100 '
b0 (
b0 #
0n
0N
1M
0K
1I
#13240000
0!
0%
#13245000
1!
1%
b0 t
#13250000
0!
0%
#13255000
1!
1%
b1 q
b0 r
b1010 '
b1 (
b1 #
b1 *
1o
1N
0M
1L
0J
0I
b1 $
#13260000
0!
0%
#13265000
1!
1%
b0 q
b1011110110011100 s
b1011110101110100 s
b10 t
b1 r
b11001000 '
b0 (
b0 #
b0 *
0o
0N
1I
1H
b0 $
#13270000
0!
0%
#13275000
1!
1%
b1 t
b1010 '
1N
0I
0H
#13280000
0!
0%
#13285000
1!
1%
b0 t
b11001000 '
0N
1I
1H
#13290000
0!
0%
#13295000
1!
1%
b1 q
b0 r
b110010 '
b1 (
b1 #
b1 *
1o
1N
0L
1K
1J
0I
0H
b1 $
#13300000
0!
0%
#13305000
1!
1%
b0 q
b1011110110100110 s
b1011110101010110 s
b10 t
b1 r
b1100100 '
b0 (
b0 #
b0 *
0o
0N
1M
0K
1I
b0 $
#13310000
0!
0%
#13315000
1!
1%
b1 t
b10100 '
1K
0J
0I
#13320000
0!
0%
#13325000
1!
1%
b0 t
b1010 '
1N
0M
1L
0K
#13330000
0!
0%
#13335000
1!
1%
b1 q
b0 r
b1100100 '
b1 *
0N
1M
0L
1J
1I
b1 $
#13340000
0!
0%
#13345000
1!
1%
b0 q
b1011110110111010 s
b11001000 '
b1 (
b1 #
b0 *
1o
0M
1L
0J
1H
b0 $
#13350000
0!
0%
#13355000
1!
1%
b1011111010000010 s
b1011110110011100 s
b10 t
b1 r
b110010 '
b0 (
b0 #
0o
1N
0L
1K
1J
0I
0H
#13360000
0!
0%
#13365000
1!
1%
b1 t
b1010 '
1L
0K
0J
#13370000
0!
0%
#13375000
1!
1%
b0 t
b11001000 '
0N
1I
1H
#13380000
0!
0%
#13385000
1!
1%
b1 q
b0 r
b1100100 '
b1 (
b1 #
b1 *
1o
1M
0L
1J
0H
b1 $
#13390000
0!
0%
#13395000
1!
1%
b0 q
b1011111000000000 s
b1011110101111110 s
b10 t
b1 r
b0 (
b0 #
b0 *
0o
b0 $
#13400000
0!
0%
#13405000
1!
1%
b1 t
b110010 '
b1 (
b1 #
1o
1N
0M
1K
0I
#13410000
0!
0%
#13415000
1!
1%
b0 t
b1100100 '
b0 (
b0 #
0o
0N
1M
0K
1I
#13420000
0!
0%
#13425000
1!
1%
b1 q
b0 r
b110010 '
b1 *
1N
0M
1K
0I
b1 $
#13430000
0!
0%
#13435000
1!
1%
b0 q
b1011110110110000 s
b1010 '
b0 *
1L
0K
0J
b0 $
#13440000
0!
0%
#13445000
1!
1%
b1011110110111010 s
b11001000 '
b1 (
b1 #
1o
0N
1I
1H
#13450000
0!
0%
#13455000
1!
1%
b1011111010000010 s
b1011110110011100 s
b10 t
b1 r
b1010 '
b0 (
b0 #
0o
1N
0I
0H
#13460000
0!
0%
#13465000
1!
1%
b1 t
#13470000
0!
0%
#13475000
1!
1%
b0 t
b110010 '
0L
1K
1J
#13480000
0!
0%
#13485000
1!
1%
b1 q
b0 r
b11001000 '
b1 *
0N
1L
0K
0J
1I
1H
b1 $
#13490000
0!
0%
#13495000
1!
1%
b0 q
b1011111001100100 s
b110010 '
b0 *
1N
0L
1K
1J
0I
0H
b0 $
#13500000
0!
0%
#13505000
1!
1%
b1011111010010110 s
b10100 '
b10 (
b10 #
1n
0N
1M
0J
#13510000
0!
0%
#13515000
1!
1%
b1011111010101010 s
b1011111001100100 s
b10 u
b10 t
b1 r
b110010 '
b0 (
b0 #
0n
1N
0M
1J
#13520000
0!
0%
#13525000
1!
1%
b1 t
b11001000 '
b1 (
b1 #
1o
0N
1L
0K
0J
1I
1H
#13530000
0!
0%
#13535000
1!
1%
b0 t
b1100100 '
b0 (
b0 #
0o
1M
0L
1J
0H
#13540000
0!
0%
#13545000
1!
1%
b10 q
b0 r
b10 *
b10 $
#13550000
0!
0%
#13555000
1!
1%
b0 q
b1011111011001000 s
b110010 '
b0 *
1N
0M
1K
0I
b0 $
#13560000
0!
0%
#13565000
1!
1%
b1011111011111010 s
#13570000
0!
0%
#13575000
1!
1%
b1011111100101100 s
b11001000 '
0N
1L
0K
0J
1I
1H
#13580000
0!
0%
#13585000
1!
1%
b1011111111110100 s
#13590000
0!
0%
#13595000
1!
1%
b1100000010111100 s
b110010 '
b1 (
b1 #
1o
1N
0L
1K
1J
0I
0H
#13600000
0!
0%
#13605000
1!
1%
b1100000011101110 s
b1100000010011110 s
b1 u
b10 t
b1 r
b1010 '
b0 (
b0 #
0o
1L
0K
0J
#13610000
0!
0%
#13615000
1!
1%
b1 t
b110010 '
0L
1K
1J
#13620000
0!
0%
#13625000
1!
1%
b0 t
b1010 '
1L
0K
0J
#13630000
0!
0%
#13635000
1!
1%
b1 q
b0 r
b10100 '
b1 *
0N
1M
0L
1K
b1 $
#13640000
0!
0%
#13645000
1!
1%
b0 q
b1100000010110010 s
b0 *
b0 $
#13650000
0!
0%
#13655000
1!
1%
b1100000011000110 s
#13660000
0!
0%
#13665000
1!
1%
b1100000011011010 s
b110010 '
1N
0M
1J
#13670000
0!
0%
#13675000
1!
1%
b1100000100001100 s
b1010 '
1L
0K
0J
#13680000
0!
0%
#13685000
1!
1%
b1100000100010110 s
b1100100 '
0N
1M
0L
1J
1I
#13690000
0!
0%
#13695000
1!
1%
b1100000101111010 s
b10100 '
1K
0J
0I
#13700000
0!
0%
#13705000
1!
1%
b1100000110001110 s
b1100100 '
b1 (
b1 #
1o
0K
1J
1I
#13710000
0!
0%
#13715000
1!
1%
b1100000111110010 s
b1100000101110000 s
b10 t
b1 r
#13720000
0!
0%
#13725000
1!
1%
b1 t
b1010 '
b0 (
b0 #
0o
1N
0M
1L
0J
0I
#13730000
0!
0%
#13735000
1!
1%
b0 t
b1100100 '
0N
1M
0L
1J
1I
#13740000
0!
0%
#13745000
1!
1%
b1 q
b0 r
b10100 '
b1 *
1K
0J
0I
b1 $
#13750000
0!
0%
#13755000
1!
1%
b0 q
b1100000110000100 s
b0 *
b0 $
#13760000
0!
0%
#13765000
1!
1%
b1100000110011000 s
b1010 '
1N
0M
1L
0K
#13770000
0!
0%
#13775000
1!
1%
b1100000110100010 s
b11001000 '
0N
1I
1H
#13780000
0!
0%
#13785000
1!
1%
b1100001001101010 s
#13790000
0!
0%
#13795000
1!
1%
b1100001100110010 s
#13800000
0!
0%
#13805000
1!
1%
b1100001111111010 s
b1100100 '
1M
0L
1J
0H
#13810000
0!
0%
#13815000
1!
1%
b1100010001011110 s
#13820000
0!
0%
#13825000
1!
1%
b1100010011000010 s
b1010 '
1N
0M
1L
0J
0I
#13830000
0!
0%
#13835000
1!
1%
b1100010011001100 s
b110010 '
0L
1K
1J
#13840000
0!
0%
#13845000
1!
1%
b1100010011111110 s
b0 '
0N
0K
0J
#13850000
0!
0%
#13855000
1!
1%
b110010 '
1N
1K
1J
#13860000
0!
0%
#13865000
1!
1%
b1100010100110000 s
#13870000
0!
0%
#13875000
1!
1%
b1100010101100010 s
b1100100 '
0N
1M
0K
1I
#13880000
0!
0%
#13885000
1!
1%
b1100010111000110 s
b110010 '
1N
0M
1K
0I
#13890000
0!
0%
#13895000
1!
1%
b1100010111111000 s
b10100 '
0N
1M
0J
#13900000
0!
0%
#13905000
1!
1%
b1100011000001100 s
b1010 '
1N
0M
1L
0K
#13910000
0!
0%
#13915000
1!
1%
b1100011000010110 s
b110010 '
0L
1K
1J
#13920000
0!
0%
#13925000
1!
1%
b1100011001001000 s
b1010 '
1L
0K
0J
#13930000
0!
0%
#13935000
1!
1%
b1100011001010010 s
b11001000 '
0N
1I
1H
#13940000
0!
0%
#13945000
1!
1%
b1100011100011010 s
#13950000
0!
0%
#13955000
1!
1%
b1100011111100010 s
b10100 '
1M
0L
1K
0I
0H
#13960000
0!
0%
#13965000
1!
1%
b1100011111110110 s
b110010 '
1N
0M
1J
#13970000
0!
0%
#13975000
1!
1%
b1100100000101000 s
#13980000
0!
0%
#13985000
1!
1%
b1100100001011010 s
b10100 '
0N
1M
0J
#13990000
0!
0%
#13995000
1!
1%
b1100100001101110 s
b10 (
b10 #
1n
#14000000
0!
0%
#14005000
1!
1%
b1100100010000010 s
b1100100000111100 s
b10 u
b10 t
b1 r
b0 (
b0 #
0n
#14010000
0!
0%
#14015000
1!
1%
b1 t
b1100100 '
0K
1J
1I
#14020000
0!
0%
#14025000
1!
1%
b0 t
b1010 '
1N
0M
1L
0J
0I
#14030000
0!
0%
#14035000
1!
1%
b10 q
b0 r
b11001000 '
b10 *
0N
1I
1H
b10 $
#14040000
0!
0%
#14045000
1!
1%
b0 q
b1100100100000100 s
b1010 '
b0 *
1N
0I
0H
b0 $
#14050000
0!
0%
#14055000
1!
1%
b1100100100001110 s
b10100 '
b10 (
b10 #
1n
0N
1M
0L
1K
#14060000
0!
0%
#14065000
1!
1%
b1100100100100010 s
b1100100011011100 s
b10 t
b1 r
b1010 '
b1 (
b1 #
1o
0n
1N
0M
1L
0K
#14070000
0!
0%
#14075000
1!
1%
b1 t
b0 '
0N
0L
#14080000
0!
0%
#14085000
1!
1%
b0 t
b11001000 '
b0 (
b0 #
0o
1L
1I
1H
#14090000
0!
0%
#14095000
1!
1%
b10 q
b0 r
b110010 '
b10 *
1N
0L
1K
1J
0I
0H
b10 $
#14100000
0!
0%
#14105000
1!
1%
b0 q
b1100100100001110 s
b10100 '
b0 *
0N
1M
0J
b0 $
#14110000
0!
0%
#14115000
1!
1%
b1100100100100010 s
#14120000
0!
0%
#14125000
1!
1%
b1100100100110110 s
b1100100 '
0K
1J
1I
#14130000
0!
0%
#14135000
1!
1%
b1100100110011010 s
b110010 '
1N
0M
1K
0I
#14140000
0!
0%
#14145000
1!
1%
b1100100111001100 s
b11001000 '
0N
1L
0K
0J
1I
1H
#14150000
0!
0%
#14155000
1!
1%
b1100101010010100 s
#14160000
0!
0%
#14165000
1!
1%
b1100101101011100 s
b10100 '
1M
0L
1K
0I
0H
#14170000
0!
0%
#14175000
1!
1%
b1100101101110000 s
b10 (
b10 #
1n
#14180000
0!
0%
#14185000
1!
1%
b1100101110000100 s
b1100101100111110 s
b10 t
b1 r
b0 (
b0 #
0n
#14190000
0!
0%
#14195000
1!
1%
b1 t
b1010 '
b10 (
b10 #
1n
1N
0M
1L
0K
#14200000
0!
0%
#14205000
1!
1%
b0 t
b1100100 '
b0 (
b0 #
0n
0N
1M
0L
1J
1I
#14210000
0!
0%
#14215000
1!
1%
b10 q
b0 r
b1010 '
b10 (
b10 #
b10 *
1n
1N
0M
1L
0J
0I
b10 $
#14220000
0!
0%
#14225000
1!
1%
b0 q
b1100101101001000 s
b1100101100001100 s
b10 t
b1 r
b1100100 '
b0 (
b0 #
b0 *
0n
0N
1M
0L
1J
1I
b0 $
#14230000
0!
0%
#14235000
1!
1%
b1 t
b11001000 '
0M
1L
0J
1H
#14240000
0!
0%
#14245000
1!
1%
b0 t
b1010 '
1N
0I
0H
#14250000
0!
0%
#14255000
1!
1%
b10 q
b0 r
b1100100 '
b10 (
b10 #
b10 *
1n
0N
1M
0L
1J
1I
b10 $
#14260000
0!
0%
#14265000
1!
1%
b0 q
b1100101101110000 s
b1100101011011010 s
b10 t
b1 r
b10100 '
b0 (
b0 #
b0 *
0n
1K
0J
0I
b0 $
#14270000
0!
0%
#14275000
1!
1%
b1 t
b10 (
b10 #
1n
#14280000
0!
0%
#14285000
1!
1%
b0 t
b0 (
b0 #
0n
#14290000
0!
0%
#14295000
1!
1%
b10 q
b0 r
b1100100 '
b10 *
0K
1J
1I
b10 $
#14300000
0!
0%
#14305000
1!
1%
b0 q
b1100101100111110 s
b1010 '
b1 (
b1 #
b0 *
1o
1N
0M
1L
0J
0I
b0 $
#14310000
0!
0%
#14315000
1!
1%
b1100101101001000 s
b1100101100100000 s
b1 u
b10 t
b1 r
b11001000 '
b0 (
b0 #
0o
0N
1I
1H
#14320000
0!
0%
#14325000
1!
1%
b1 t
b1100100 '
1M
0L
1J
0H
#14330000
0!
0%
#14335000
1!
1%
b0 t
b110010 '
b1 (
b1 #
1o
1N
0M
1K
0I
#14340000
0!
0%
#14345000
1!
1%
b1 q
b0 r
b1010 '
b0 (
b0 #
b1 *
0o
1L
0K
0J
b1 $
#14350000
0!
0%
#14355000
1!
1%
b0 q
b1100101100101010 s
b0 *
b0 $
#14360000
0!
0%
#14365000
1!
1%
b1100101100110100 s
b10 (
b10 #
1n
#14370000
0!
0%
#14375000
1!
1%
b1100101100111110 s
b1100101100000010 s
b10 u
b10 t
b1 r
b110010 '
b1 (
b1 #
1o
0n
0L
1K
1J
#14380000
0!
0%
#14385000
1!
1%
b1 t
b1100100 '
b0 (
b0 #
0o
0N
1M
0K
1I
#14390000
0!
0%
#14395000
1!
1%
b0 t
b11001000 '
0M
1L
0J
1H
#14400000
0!
0%
#14405000
1!
1%
b10 q
b0 r
b10100 '
b10 *
1M
0L
1K
0I
0H
b10 $
#14410000
0!
0%
#14415000
1!
1%
b0 q
b1100101100010110 s
b0 *
b0 $
#14420000
0!
0%
#14425000
1!
1%
b1100101100101010 s
b110010 '
1N
0M
1J
#14430000
0!
0%
#14435000
1!
1%
b1100101101011100 s
b1100100 '
0N
1M
0K
1I
#14440000
0!
0%
#14445000
1!
1%
b1100101111000000 s
b110010 '
b10 (
b10 #
1n
1N
0M
1K
0I
#14450000
0!
0%
#14455000
1!
1%
b1100101111110010 s
b1100101110001110 s
b10 t
b1 r
b1010 '
b0 (
b0 #
0n
1L
0K
0J
#14460000
0!
0%
#14465000
1!
1%
b1 t
b1100100 '
b10 (
b10 #
1n
0N
1M
0L
1J
1I
#14470000
0!
0%
#14475000
1!
1%
b0 t
b1010 '
b0 (
b0 #
0n
1N
0M
1L
0J
0I
#14480000
0!
0%
#14485000
1!
1%
b10 q
b0 r
b11001000 '
b10 *
0N
1I
1H
b10 $
#14490000
0!
0%
#14495000
1!
1%
b0 q
b1100110001010110 s
b10100 '
b0 *
1M
0L
1K
0I
0H
b0 $
#14500000
0!
0%
#14505000
1!
1%
b1100110001101010 s
b1010 '
1N
0M
1L
0K
#14510000
0!
0%
#14515000
1!
1%
b1100110001110100 s
#14520000
0!
0%
#14525000
1!
1%
b1100110001111110 s
b11001000 '
0N
1I
1H
#14530000
0!
0%
#14535000
1!
1%
b1100110101000110 s
b1010 '
1N
0I
0H
#14540000
0!
0%
#14545000
1!
1%
b1100110101010000 s
b10100 '
b1 (
b1 #
1o
0N
1M
0L
1K
#14550000
0!
0%
#14555000
1!
1%
b1100110101100100 s
b1100110100110010 s
b1 u
b10 t
b1 r
b1100100 '
b0 (
b0 #
0o
0K
1J
1I
#14560000
0!
0%
#14565000
1!
1%
b1 t
b10100 '
1K
0J
0I
#14570000
0!
0%
#14575000
1!
1%
b0 t
b1010 '
1N
0M
1L
0K
#14580000
0!
0%
#14585000
1!
1%
b1 q
b0 r
b1 *
b1 $
#14590000
0!
0%
#14595000
1!
1%
b0 q
b1100110100111100 s
b1100100 '
b0 *
0N
1M
0L
1J
1I
b0 $
#14600000
0!
0%
#14605000
1!
1%
b1100110110100000 s
b11001000 '
0M
1L
0J
1H
#14610000
0!
0%
#14615000
1!
1%
b1100111001101000 s
b10100 '
1M
0L
1K
0I
0H
#14620000
0!
0%
#14625000
1!
1%
b1100111001111100 s
b110010 '
1N
0M
1J
#14630000
0!
0%
#14635000
1!
1%
b1100111010101110 s
b11001000 '
0N
1L
0K
0J
1I
1H
#14640000
0!
0%
#14645000
1!
1%
b1100111101110110 s
#14650000
0!
0%
#14655000
1!
1%
b1101000000111110 s
b1010 '
1N
0I
0H
#14660000
0!
0%
#14665000
1!
1%
b1101000001001000 s
b1100100 '
b1 (
b1 #
1o
0N
1M
0L
1J
1I
#14670000
0!
0%
#14675000
1!
1%
b1101000010101100 s
b1101000000101010 s
b10 t
b1 r
b110010 '
b0 (
b0 #
0o
1N
0M
1K
0I
#14680000
0!
0%
#14685000
1!
1%
b1 t
b1 (
b1 #
1o
#14690000
0!
0%
#14695000
1!
1%
b0 t
b0 '
b10 (
b10 #
0o
1n
0N
0K
0J
#14700000
0!
0%
#14705000
1!
1%
b1 q
b0 r
b1100100 '
b0 (
b0 #
b1 *
0n
1M
1J
1I
b1 $
#14710000
0!
0%
#14715000
1!
1%
b0 q
b1101000010001110 s
b0 *
b0 $
#14720000
0!
0%
#14725000
1!
1%
b1101000011110010 s
#14730000
0!
0%
#14735000
1!
1%
b1101000101010110 s
b10100 '
1K
0J
0I
#14740000
0!
0%
#14745000
1!
1%
b1101000101101010 s
#14750000
0!
0%
#14755000
1!
1%
b1101000101111110 s
b1100100 '
0K
1J
1I
#14760000
0!
0%
#14765000
1!
1%
b1101000111100010 s
b11001000 '
b10 (
b10 #
1n
0M
1L
0J
1H
#14770000
0!
0%
#14775000
1!
1%
b1101001010101010 s
b1101000110110000 s
b10 u
b10 t
b1 r
b0 (
b0 #
0n
#14780000
0!
0%
#14785000
1!
1%
b1 t
#14790000
0!
0%
#14795000
1!
1%
b0 t
b1010 '
b1 (
b1 #
1o
1N
0I
0H
#14800000
0!
0%
#14805000
1!
1%
b10 q
b0 r
b110010 '
b10 *
0L
1K
1J
b10 $
#14810000
0!
0%
#14815000
1!
1%
b0 q
b1101000111100010 s
b1101000110010010 s
b1 u
b10 t
b1 r
b1100100 '
b0 (
b0 #
b0 *
0o
0N
1M
0K
1I
b0 $
#14820000
0!
0%
#14825000
1!
1%
b1 t
b1010 '
b10 (
b10 #
1n
1N
0M
1L
0J
0I
#14830000
0!
0%
#14835000
1!
1%
b0 t
b11001000 '
b0 (
b0 #
0n
0N
1I
1H
#14840000
0!
0%
#14845000
1!
1%
b1 q
b0 r
b0 '
b1 *
0L
0I
0H
b1 $
#14850000
0!
0%
#14855000
1!
1%
b0 q
b1100100 '
b0 *
1M
1J
1I
b0 $
#14860000
0!
0%
#14865000
1!
1%
b1101000111110110 s
b11001000 '
0M
1L
0J
1H
#14870000
0!
0%
#14875000
1!
1%
b1101001010111110 s
b1010 '
b1 (
b1 #
1o
1N
0I
0H
#14880000
0!
0%
#14885000
1!
1%
b1101001011001000 s
b1101001010100000 s
b10 t
b1 r
b10100 '
b0 (
b0 #
0o
0N
1M
0L
1K
#14890000
0!
0%
#14895000
1!
1%
b1 t
b1100100 '
0K
1J
1I
#14900000
0!
0%
#14905000
1!
1%
b0 t
b10100 '
b10 (
b10 #
1n
1K
0J
0I
#14910000
0!
0%
#14915000
1!
1%
b1 q
b0 r
b11001000 '
b0 (
b0 #
b1 *
0n
0M
1L
0K
1I
1H
b1 $
#14920000
0!
0%
#14925000
1!
1%
b0 q
b1101001101101000 s
b10100 '
b0 *
1M
0L
1K
0I
0H
b0 $
#14930000
0!
0%
#14935000
1!
1%
b1101001101111100 s
b1100100 '
0K
1J
1I
#14940000
0!
0%
#14945000
1!
1%
b1101001111100000 s
b10100 '
1K
0J
0I
#14950000
0!
0%
#14955000
1!
1%
b1101001111110100 s
b1010 '
b10 (
b10 #
1n
1N
0M
1L
0K
#14960000
0!
0%
#14965000
1!
1%
b1101001111111110 s
b1101001111000010 s
b10 u
b10 t
b1 r
b1100100 '
b1 (
b1 #
1o
0n
0N
1M
0L
1J
1I
#14970000
0!
0%
#14975000
1!
1%
b1 t
b1010 '
1N
0M
1L
0J
0I
#14980000
0!
0%
#14985000
1!
1%
b0 t
b1100100 '
b0 (
b0 #
0o
0N
1M
0L
1J
1I
#14990000
0!
0%
#14995000
1!
1%
b10 q
b0 r
b10 (
b10 #
b10 *
1n
b10 $
#15000000
0!
0%
#15005000
1!
1%
b0 q
b1101010000100110 s
b1101001110010000 s
b10 t
b1 r
b110010 '
b0 (
b0 #
b0 *
0n
1N
0M
1K
0I
b0 $
#15010000
0!
0%
#15015000
1!
1%
b1 t
b10100 '
0N
1M
0J
#15020000
0!
0%
#15025000
1!
1%
b0 t
b1010 '
1N
0M
1L
0K
#15030000
0!
0%
#15035000
1!
1%
b10 q
b0 r
b11001000 '
b10 *
0N
1I
1H
b10 $
#15040000
0!
0%
#15045000
1!
1%
b0 q
b1101010001011000 s
b1 (
b1 #
b0 *
1o
b0 $
#15050000
0!
0%
#15055000
1!
1%
b1101010100100000 s
b1101010000111010 s
b1 u
b10 t
b1 r
b1100100 '
b0 (
b0 #
0o
1M
0L
1J
0H
#15060000
0!
0%
#15065000
1!
1%
b1 t
b11001000 '
0M
1L
0J
1H
#15070000
0!
0%
#15075000
1!
1%
b0 t
b110010 '
b10 (
b10 #
1n
1N
0L
1K
1J
0I
0H
#15080000
0!
0%
#15085000
1!
1%
b1 q
b0 r
b11001000 '
b0 (
b0 #
b1 *
0n
0N
1L
0K
0J
1I
1H
b1 $
#15090000
0!
0%
#15095000
1!
1%
b0 q
b1101010100000010 s
b1010 '
b1 (
b1 #
b0 *
1o
1N
0I
0H
b0 $
#15100000
0!
0%
#15105000
1!
1%
b1101010100001100 s
b1101010011100100 s
b10 t
b1 r
b10100 '
b0 (
b0 #
0o
0N
1M
0L
1K
#15110000
0!
0%
#15115000
1!
1%
b1 t
b1100100 '
0K
1J
1I
#15120000
0!
0%
#15125000
1!
1%
b0 t
b10100 '
b10 (
b10 #
1n
1K
0J
0I
#15130000
0!
0%
#15135000
1!
1%
b1 q
b0 r
b1010 '
b1 (
b1 #
b1 *
1o
0n
1N
0M
1L
0K
b1 $
#15140000
0!
0%
#15145000
1!
1%
b0 q
b1101010011101110 s
b1101010011000110 s
b10 t
b1 r
b1100100 '
b10 (
b10 #
b0 *
0o
1n
0N
1M
0L
1J
1I
b0 $
#15150000
0!
0%
#15155000
1!
1%
b1 t
b1 (
b1 #
1o
0n
#15160000
0!
0%
#15165000
1!
1%
b0 t
b10100 '
1K
0J
0I
#15170000
0!
0%
#15175000
1!
1%
b1 q
b0 r
b110010 '
b10 (
b10 #
b1 *
0o
1n
1N
0M
1J
b1 $
#15180000
0!
0%
#15185000
1!
1%
b0 q
b1101010011111000 s
b1101010010010100 s
b10 u
b10 t
b1 r
b0 '
b0 *
0N
0K
0J
b0 $
#15190000
0!
0%
#15195000
1!
1%
b1 t
b1100100 '
b0 (
b0 #
0n
1M
1J
1I
#15200000
0!
0%
#15205000
1!
1%
b0 t
b10100 '
1K
0J
0I
#15210000
0!
0%
#15215000
1!
1%
b10 q
b0 r
b110010 '
b10 *
1N
0M
1J
b10 $
#15220000
0!
0%
#15225000
1!
1%
b0 q
b1101010011000110 s
b1100100 '
b0 *
0N
1M
0K
1I
b0 $
#15230000
0!
0%
#15235000
1!
1%
b1101010100101010 s
b110010 '
1N
0M
1K
0I
#15240000
0!
0%
#15245000
1!
1%
b1101010101011100 s
b1100100 '
0N
1M
0K
1I
#15250000
0!
0%
#15255000
1!
1%
b1101010111000000 s
b11001000 '
0M
1L
0J
1H
#15260000
0!
0%
#15265000
1!
1%
b1101011010001000 s
b1010 '
1N
0I
0H
#15270000
0!
0%
#15275000
1!
1%
b1101011010010010 s
b11001000 '
0N
1I
1H
#15280000
0!
0%
#15285000
1!
1%
b1101011101011010 s
b1010 '
1N
0I
0H
#15290000
0!
0%
#15295000
1!
1%
b1101011101100100 s
b11001000 '
0N
1I
1H
#15300000
0!
0%
#15305000
1!
1%
b1101100000101100 s
b10100 '
1M
0L
1K
0I
0H
#15310000
0!
0%
#15315000
1!
1%
b1101100001000000 s
#15320000
0!
0%
#15325000
1!
1%
b1101100001010100 s
#15330000
0!
0%
#15335000
1!
1%
b1101100001101000 s
b1100100 '
0K
1J
1I
#15340000
0!
0%
#15345000
1!
1%
b1101100011001100 s
b11001000 '
b1 (
b1 #
1o
0M
1L
0J
1H
#15350000
0!
0%
#15355000
1!
1%
b1101100110010100 s
b1101100010101110 s
b1 u
b10 t
b1 r
b10100 '
b0 (
b0 #
0o
1M
0L
1K
0I
0H
#15360000
0!
0%
#15365000
1!
1%
b1 t
b11001000 '
0M
1L
0K
1I
1H
#15370000
0!
0%
#15375000
1!
1%
b0 t
#15380000
0!
0%
#15385000
1!
1%
b1 q
b0 r
b1010 '
b10 (
b10 #
b1 *
1n
1N
0I
0H
b1 $
#15390000
0!
0%
#15395000
1!
1%
b0 q
b1101100010111000 s
b1101100001111100 s
b10 u
b10 t
b1 r
b1100100 '
b0 (
b0 #
b0 *
0n
0N
1M
0L
1J
1I
b0 $
#15400000
0!
0%
#15405000
1!
1%
b1 t
b1010 '
1N
0M
1L
0J
0I
#15410000
0!
0%
#15415000
1!
1%
b0 t
b1100100 '
b10 (
b10 #
1n
0N
1M
0L
1J
1I
#15420000
0!
0%
#15425000
1!
1%
b10 q
b0 r
b10100 '
b1 (
b1 #
b10 *
1o
0n
1K
0J
0I
b10 $
#15430000
0!
0%
#15435000
1!
1%
b0 q
b1101100010010000 s
b1101100001011110 s
b1 u
b10 t
b1 r
b1100100 '
b0 (
b0 #
b0 *
0o
0K
1J
1I
b0 $
#15440000
0!
0%
#15445000
1!
1%
b1 t
b110010 '
1N
0M
1K
0I
#15450000
0!
0%
#15455000
1!
1%
b0 t
#15460000
0!
0%
#15465000
1!
1%
b1 q
b0 r
b1010 '
b1 *
1L
0K
0J
b1 $
#15470000
0!
0%
#15475000
1!
1%
b0 q
b1101100001101000 s
b10100 '
b10 (
b10 #
b0 *
1n
0N
1M
0L
1K
b0 $
#15480000
0!
0%
#15485000
1!
1%
b1101100001111100 s
b1101100000110110 s
b10 u
b10 t
b1 r
b11001000 '
0M
1L
0K
1I
1H
#15490000
0!
0%
#15495000
1!
1%
b1 t
b110010 '
b0 (
b0 #
0n
1N
0L
1K
1J
0I
0H
#15500000
0!
0%
#15505000
1!
1%
b0 t
b1 (
b1 #
1o
#15510000
0!
0%
#15515000
1!
1%
b10 q
b0 r
b1010 '
b0 (
b0 #
b10 *
0o
1L
0K
0J
b10 $
#15520000
0!
0%
#15525000
1!
1%
b0 q
b1101100001000000 s
b0 *
b0 $
#15530000
0!
0%
#15535000
1!
1%
b1101100001001010 s
b1 (
b1 #
1o
#15540000
0!
0%
#15545000
1!
1%
b1101100001010100 s
b1101100000101100 s
b1 u
b10 t
b1 r
b1100100 '
b0 (
b0 #
0o
0N
1M
0L
1J
1I
#15550000
0!
0%
#15555000
1!
1%
b1 t
b11001000 '
0M
1L
0J
1H
#15560000
0!
0%
#15565000
1!
1%
b0 t
b110010 '
1N
0L
1K
1J
0I
0H
#15570000
0!
0%
#15575000
1!
1%
b1 q
b0 r
b10100 '
b1 *
0N
1M
0J
b1 $
#15580000
0!
0%
#15585000
1!
1%
b0 q
b1101100001000000 s
b1010 '
b0 *
1N
0M
1L
0K
b0 $
#15590000
0!
0%
#15595000
1!
1%
b1101100001001010 s
b110010 '
0L
1K
1J
#15600000
0!
0%
#15605000
1!
1%
b1101100001111100 s
#15610000
0!
0%
#15615000
1!
1%
b1101100010101110 s
b10100 '
0N
1M
0J
#15620000
0!
0%
#15625000
1!
1%
b1101100011000010 s
b1010 '
b10 (
b10 #
1n
1N
0M
1L
0K
#15630000
0!
0%
#15635000
1!
1%
b1101100011001100 s
b1101100010010000 s
b10 u
b10 t
b1 r
b1100100 '
b0 (
b0 #
0n
0N
1M
0L
1J
1I
#15640000
0!
0%
#15645000
1!
1%
b1 t
b1 (
b1 #
1o
#15650000
0!
0%
#15655000
1!
1%
b0 t
b10100 '
1K
0J
0I
#15660000
0!
0%
#15665000
1!
1%
b10 q
b0 r
b1010 '
b0 (
b0 #
b10 *
0o
1N
0M
1L
0K
b10 $
#15670000
0!
0%
#15675000
1!
1%
b0 q
b1101100010011010 s
b0 *
b0 $
#15680000
0!
0%
#15685000
1!
1%
b1101100010100100 s
#15690000
0!
0%
#15695000
1!
1%
b1101100010101110 s
b11001000 '
0N
1I
1H
#15700000
0!
0%
#15705000
1!
1%
b1101100101110110 s
b10100 '
1M
0L
1K
0I
0H
#15710000
0!
0%
#15715000
1!
1%
b1101100110001010 s
b110010 '
b1 (
b1 #
1o
1N
0M
1J
#15720000
0!
0%
#15725000
1!
1%
b1101100110111100 s
b1101100101101100 s
b1 u
b10 t
b1 r
b1100100 '
b0 (
b0 #
0o
0N
1M
0K
1I
#15730000
0!
0%
#15735000
1!
1%
b1 t
b1010 '
1N
0M
1L
0J
0I
#15740000
0!
0%
#15745000
1!
1%
b0 t
b10100 '
0N
1M
0L
1K
#15750000
0!
0%
#15755000
1!
1%
b1 q
b0 r
b1100100 '
b1 (
b1 #
b1 *
1o
0K
1J
1I
b1 $
#15760000
0!
0%
#15765000
1!
1%
b0 q
b1101100111010000 s
b1101100101001110 s
b10 t
b1 r
b0 (
b0 #
b0 *
0o
b0 $
#15770000
0!
0%
#15775000
1!
1%
b1 t
b11001000 '
0M
1L
0J
1H
#15780000
0!
0%
#15785000
1!
1%
b0 t
b1010 '
1N
0I
0H
#15790000
0!
0%
#15795000
1!
1%
b1 q
b0 r
b10100 '
b1 *
0N
1M
0L
1K
b1 $
#15800000
0!
0%
#15805000
1!
1%
b0 q
b1101100101100010 s
b0 *
b0 $
#15810000
0!
0%
#15815000
1!
1%
b1101100101110110 s
b0 '
0M
0K
#15820000
0!
0%
#15825000
1!
1%
b1010 '
1N
1L
#15830000
0!
0%
#15835000
1!
1%
b1101100110000000 s
b10100 '
0N
1M
0L
1K
#15840000
0!
0%
#15845000
1!
1%
b1101100110010100 s
b1100100 '
0K
1J
1I
#15850000
0!
0%
#15855000
1!
1%
b1101100111111000 s
b10100 '
1K
0J
0I
#15860000
0!
0%
#15865000
1!
1%
b1101101000001100 s
b11001000 '
0M
1L
0K
1I
1H
#15870000
0!
0%
#15875000
1!
1%
b1101101011010100 s
b1010 '
b1 (
b1 #
1o
1N
0I
0H
#15880000
0!
0%
#15885000
1!
1%
b1101101011011110 s
b1101101010110110 s
b10 t
b1 r
b1100100 '
b0 (
b0 #
0o
0N
1M
0L
1J
1I
#15890000
0!
0%
#15895000
1!
1%
b1 t
b10100 '
1K
0J
0I
#15900000
0!
0%
#15905000
1!
1%
b0 t
b10 (
b10 #
1n
#15910000
0!
0%
#15915000
1!
1%
b1 q
b0 r
b0 (
b0 #
b1 *
0n
b1 $
#15920000
0!
0%
#15925000
1!
1%
b0 q
b1101101011001010 s
b1010 '
b0 *
1N
0M
1L
0K
b0 $
#15930000
0!
0%
#15935000
1!
1%
b1101101011010100 s
#15940000
0!
0%
#15945000
1!
1%
b1101101011011110 s
b1100100 '
0N
1M
0L
1J
1I
#15950000
0!
0%
#15955000
1!
1%
b1101101101000010 s
b10100 '
1K
0J
0I
#15960000
0!
0%
#15965000
1!
1%
b1101101101010110 s
b11001000 '
0M
1L
0K
1I
1H
#15970000
0!
0%
#15975000
1!
1%
b1101110000011110 s
b10100 '
1M
0L
1K
0I
0H
#15980000
0!
0%
#15985000
1!
1%
b1101110000110010 s
b1100100 '
0K
1J
1I
#15990000
0!
0%
#15995000
1!
1%
b1101110010010110 s
#16000000
0!
0%
#16005000
1!
1%
b1101110011111010 s
b110010 '
1N
0M
1K
0I
#16010000
0!
0%
#16015000
1!
1%
b1101110100101100 s
b11001000 '
0N
1L
0K
0J
1I
1H
#16020000
0!
0%
#16025000
1!
1%
b1101110111110100 s
b10100 '
b1 (
b1 #
1o
1M
0L
1K
0I
0H
#16030000
0!
0%
#16035000
1!
1%
b1101111000001000 s
b1101110111010110 s
b10 t
b1 r
b110010 '
b0 (
b0 #
0o
1N
0M
1J
#16040000
0!
0%
#16045000
1!
1%
b1 t
b11001000 '
0N
1L
0K
0J
1I
1H
#16050000
0!
0%
#16055000
1!
1%
b0 t
b110010 '
b1 (
b1 #
1o
1N
0L
1K
1J
0I
0H
#16060000
0!
0%
#16065000
1!
1%
b1 q
b0 r
b1010 '
b0 (
b0 #
b1 *
0o
1L
0K
0J
b1 $
#16070000
0!
0%
#16075000
1!
1%
b0 q
b1101110111100000 s
b0 *
b0 $
#16080000
0!
0%
#16085000
1!
1%
b1101110111101010 s
#16090000
0!
0%
#16095000
1!
1%
b1101110111110100 s
b1100100 '
0N
1M
0L
1J
1I
#16100000
0!
0%
#16105000
1!
1%
b1101111001011000 s
b110010 '
b1 (
b1 #
1o
1N
0M
1K
0I
#16110000
0!
0%
#16115000
1!
1%
b1101111010001010 s
b1101111000111010 s
b10 t
b1 r
b1010 '
b0 (
b0 #
0o
1L
0K
0J
#16120000
0!
0%
#16125000
1!
1%
b1 t
#16130000
0!
0%
#16135000
1!
1%
b0 t
#16140000
0!
0%
#16145000
1!
1%
b1 q
b0 r
b1100100 '
b1 *
0N
1M
0L
1J
1I
b1 $
#16150000
0!
0%
#16155000
1!
1%
b0 q
b1101111010011110 s
b10100 '
b0 *
1K
0J
0I
b0 $
#16160000
0!
0%
#16165000
1!
1%
b1101111010110010 s
b110010 '
1N
0M
1J
#16170000
0!
0%
#16175000
1!
1%
b1101111011100100 s
b10100 '
0N
1M
0J
#16180000
0!
0%
#16185000
1!
1%
b1101111011111000 s
b110010 '
1N
0M
1J
#16190000
0!
0%
#16195000
1!
1%
b1101111100101010 s
b1010 '
1L
0K
0J
#16200000
0!
0%
#16205000
1!
1%
b1101111100110100 s
#16210000
0!
0%
#16215000
1!
1%
b1101111100111110 s
b1100100 '
b10 (
b10 #
1n
0N
1M
0L
1J
1I
#16220000
0!
0%
#16225000
1!
1%
b1101111110100010 s
b1101111100001100 s
b10 u
b10 t
b1 r
b11001000 '
b0 (
b0 #
0n
0M
1L
0J
1H
#16230000
0!
0%
#16235000
1!
1%
b1 t
b10100 '
b10 (
b10 #
1n
1M
0L
1K
0I
0H
#16240000
0!
0%
#16245000
1!
1%
b0 t
b11001000 '
0M
1L
0K
1I
1H
#16250000
0!
0%
#16255000
1!
1%
b10 q
b0 r
b1100100 '
b0 (
b0 #
b10 *
0n
1M
0L
1J
0H
b10 $
#16260000
0!
0%
#16265000
1!
1%
b0 q
b1101111101110000 s
b0 *
b0 $
#16270000
0!
0%
#16275000
1!
1%
b1101111111010100 s
#16280000
0!
0%
#16285000
1!
1%
b1110000000111000 s
b1 (
b1 #
1o
#16290000
0!
0%
#16295000
1!
1%
b1110000010011100 s
b1110000000011010 s
b1 u
b10 t
b1 r
b1010 '
b0 (
b0 #
0o
1N
0M
1L
0J
0I
#16300000
0!
0%
#16305000
1!
1%
b1 t
b1 (
b1 #
1o
#16310000
0!
0%
#16315000
1!
1%
b0 t
b1100100 '
b10 (
b10 #
0o
1n
0N
1M
0L
1J
1I
#16320000
0!
0%
#16325000
1!
1%
b1 q
b0 r
b110010 '
b0 (
b0 #
b1 *
0n
1N
0M
1K
0I
b1 $
#16330000
0!
0%
#16335000
1!
1%
b0 q
b1110000001001100 s
b1100100 '
b0 *
0N
1M
0K
1I
b0 $
#16340000
0!
0%
#16345000
1!
1%
b1110000010110000 s
b10100 '
1K
0J
0I
#16350000
0!
0%
#16355000
1!
1%
b1110000011000100 s
b11001000 '
b1 (
b1 #
1o
0M
1L
0K
1I
1H
#16360000
0!
0%
#16365000
1!
1%
b1110000110001100 s
b1110000010100110 s
b10 t
b1 r
b10100 '
b0 (
b0 #
0o
1M
0L
1K
0I
0H
#16370000
0!
0%
#16375000
1!
1%
b1 t
b1010 '
1N
0M
1L
0K
#16380000
0!
0%
#16385000
1!
1%
b0 t
b10100 '
0N
1M
0L
1K
#16390000
0!
0%
#16395000
1!
1%
b1 q
b0 r
b1010 '
b1 (
b1 #
b1 *
1o
1N
0M
1L
0K
b1 $
#16400000
0!
0%
#16405000
1!
1%
b0 q
b1110000010110000 s
b1110000010001000 s
b10 t
b1 r
b11001000 '
b0 (
b0 #
b0 *
0o
0N
1I
1H
b0 $
#16410000
0!
0%
#16415000
1!
1%
b1 t
b1100100 '
1M
0L
1J
0H
#16420000
0!
0%
#16425000
1!
1%
b0 t
b10100 '
1K
0J
0I
#16430000
0!
0%
#16435000
1!
1%
b1 q
b0 r
b1010 '
b1 *
1N
0M
1L
0K
b1 $
#16440000
0!
0%
#16445000
1!
1%
b0 q
b1110000010010010 s
b11001000 '
b0 *
0N
1I
1H
b0 $
#16450000
0!
0%
#16455000
1!
1%
b1110000101011010 s
b1010 '
1N
0I
0H
#16460000
0!
0%
#16465000
1!
1%
b1110000101100100 s
b110010 '
0L
1K
1J
#16470000
0!
0%
#16475000
1!
1%
b1110000110010110 s
b11001000 '
0N
1L
0K
0J
1I
1H
#16480000
0!
0%
#16485000
1!
1%
b1110001001011110 s
b110010 '
1N
0L
1K
1J
0I
0H
#16490000
0!
0%
#16495000
1!
1%
b1110001010010000 s
b1100100 '
0N
1M
0K
1I
#16500000
0!
0%
#16505000
1!
1%
b1110001011110100 s
b11001000 '
0M
1L
0J
1H
#16510000
0!
0%
#16515000
1!
1%
b1110001110111100 s
b1100100 '
b10 (
b10 #
1n
1M
0L
1J
0H
#16520000
0!
0%
#16525000
1!
1%
b1110010000100000 s
b1110001110001010 s
b10 u
b10 t
b1 r
b10100 '
b0 (
b0 #
0n
1K
0J
0I
#16530000
0!
0%
#16535000
1!
1%
b1 t
b1100100 '
b10 (
b10 #
1n
0K
1J
1I
#16540000
0!
0%
#16545000
1!
1%
b0 t
b1010 '
b0 (
b0 #
0n
1N
0M
1L
0J
0I
#16550000
0!
0%
#16555000
1!
1%
b10 q
b0 r
b11001000 '
b10 *
0N
1I
1H
b10 $
#16560000
0!
0%
#16565000
1!
1%
b0 q
b1110010001010010 s
b10100 '
b10 (
b10 #
b0 *
1n
1M
0L
1K
0I
0H
b0 $
#16570000
0!
0%
#16575000
1!
1%
b1110010001100110 s
b1110010000100000 s
b10 t
b1 r
b11001000 '
b0 (
b0 #
0n
0M
1L
0K
1I
1H
#16580000
0!
0%
#16585000
1!
1%
b1 t
#16590000
0!
0%
#16595000
1!
1%
b0 t
b110010 '
b10 (
b10 #
1n
1N
0L
1K
1J
0I
0H
#16600000
0!
0%
#16605000
1!
1%
b10 q
b0 r
b1010 '
b0 (
b0 #
b10 *
0n
1L
0K
0J
b10 $
#16610000
0!
0%
#16615000
1!
1%
b0 q
b1110010000101010 s
b10100 '
b0 *
0N
1M
0L
1K
b0 $
#16620000
0!
0%
#16625000
1!
1%
b1110010000111110 s
#16630000
0!
0%
#16635000
1!
1%
b1110010001010010 s
b1010 '
1N
0M
1L
0K
#16640000
0!
0%
#16645000
1!
1%
b1110010001011100 s
b11001000 '
0N
1I
1H
#16650000
0!
0%
#16655000
1!
1%
b1110010100100100 s
b1100100 '
1M
0L
1J
0H
#16660000
0!
0%
#16665000
1!
1%
b1110010110001000 s
b11001000 '
0M
1L
0J
1H
#16670000
0!
0%
#16675000
1!
1%
b1110011001010000 s
#16680000
0!
0%
#16685000
1!
1%
b1110011100011000 s
b1100100 '
1M
0L
1J
0H
#16690000
0!
0%
#16695000
1!
1%
b1110011101111100 s
b110010 '
1N
0M
1K
0I
#16700000
0!
0%
#16705000
1!
1%
b1110011110101110 s
b11001000 '
0N
1L
0K
0J
1I
1H
#16710000
0!
0%
#16715000
1!
1%
b1110100001110110 s
b10100 '
1M
0L
1K
0I
0H
#16720000
0!
0%
#16725000
1!
1%
b1110100010001010 s
b11001000 '
b1 (
b1 #
1o
0M
1L
0K
1I
1H
#16730000
0!
0%
#16735000
1!
1%
b1110100101010010 s
b1110100001101100 s
b1 u
b10 t
b1 r
b110010 '
b0 (
b0 #
0o
1N
0L
1K
1J
0I
0H
#16740000
0!
0%
#16745000
1!
1%
b1 t
b11001000 '
0N
1L
0K
0J
1I
1H
#16750000
0!
0%
#16755000
1!
1%
b0 t
b1100100 '
1M
0L
1J
0H
#16760000
0!
0%
#16765000
1!
1%
b1 q
b0 r
b110010 '
b1 *
1N
0M
1K
0I
b1 $
#16770000
0!
0%
#16775000
1!
1%
b0 q
b1110100010011110 s
b10100 '
b0 *
0N
1M
0J
b0 $
#16780000
0!
0%
#16785000
1!
1%
b1110100010110010 s
b0 '
0M
0K
#16790000
0!
0%
#16795000
1!
1%
b11001000 '
1L
1I
1H
#16800000
0!
0%
#16805000
1!
1%
b1110100101111010 s
b1010 '
b10 (
b10 #
1n
1N
0I
0H
#16810000
0!
0%
#16815000
1!
1%
b1110100110000100 s
b1110100101001000 s
b10 u
b10 t
b1 r
b0 (
b0 #
0n
#16820000
0!
0%
#16825000
1!
1%
b1 t
b11001000 '
0N
1I
1H
#16830000
0!
0%
#16835000
1!
1%
b0 t
b110010 '
1N
0L
1K
1J
0I
0H
#16840000
0!
0%
#16845000
1!
1%
b10 q
b0 r
b10100 '
b10 *
0N
1M
0J
b10 $
#16850000
0!
0%
#16855000
1!
1%
b0 q
b1110100101011100 s
b1100100 '
b0 *
0K
1J
1I
b0 $
#16860000
0!
0%
#16865000
1!
1%
b1110100111000000 s
b1010 '
1N
0M
1L
0J
0I
#16870000
0!
0%
#16875000
1!
1%
b1110100111001010 s
b110010 '
0L
1K
1J
#16880000
0!
0%
#16885000
1!
1%
b1110100111111100 s
b1100100 '
0N
1M
0K
1I
#16890000
0!
0%
#16895000
1!
1%
b1110101001100000 s
b10100 '
1K
0J
0I
#16900000
0!
0%
#16905000
1!
1%
b1110101001110100 s
b11001000 '
0M
1L
0K
1I
1H
#16910000
0!
0%
#16915000
1!
1%
b1110101100111100 s
b10100 '
1M
0L
1K
0I
0H
#16920000
0!
0%
#16925000
1!
1%
b1110101101010000 s
b1 (
b1 #
1o
#16930000
0!
0%
#16935000
1!
1%
b1110101101100100 s
b1110101100110010 s
b1 u
b10 t
b1 r
b11001000 '
b0 (
b0 #
0o
0M
1L
0K
1I
1H
#16940000
0!
0%
#16945000
1!
1%
b1 t
b10100 '
1M
0L
1K
0I
0H
#16950000
0!
0%
#16955000
1!
1%
b0 t
b110010 '
1N
0M
1J
#16960000
0!
0%
#16965000
1!
1%
b1 q
b0 r
b11001000 '
b10 (
b10 #
b1 *
1n
0N
1L
0K
0J
1I
1H
b1 $
#16970000
0!
0%
#16975000
1!
1%
b0 q
b1110101111111010 s
b1110101100000000 s
b10 u
b10 t
b1 r
b10100 '
b0 (
b0 #
b0 *
0n
1M
0L
1K
0I
0H
b0 $
#16980000
0!
0%
#16985000
1!
1%
b1 t
#16990000
0!
0%
#16995000
1!
1%
b0 t
#17000000
0!
0%
#17005000
1!
1%
b10 q
b0 r
b11001000 '
b10 *
0M
1L
0K
1I
1H
b10 $
#17010000
0!
0%
#17015000
1!
1%
b0 q
b1110101111001000 s
b1100100 '
b0 *
1M
0L
1J
0H
b0 $
#17020000
0!
0%
#17025000
1!
1%
b1110110000101100 s
b0 '
0M
0J
0I
#17030000
0!
0%
#17035000
1!
1%
b11001000 '
1L
1I
1H
#17040000
0!
0%
#17045000
1!
1%
b1110110011110100 s
b1100100 '
1M
0L
1J
0H
#17050000
0!
0%
#17055000
1!
1%
b1110110101011000 s
b10100 '
1K
0J
0I
#17060000
0!
0%
#17065000
1!
1%
b1110110101101100 s
b11001000 '
b1 (
b1 #
1o
0M
1L
0K
1I
1H
#17070000
0!
0%
#17075000
1!
1%
b1110111000110100 s
b1110110101001110 s
b1 u
b10 t
b1 r
b1010 '
b0 (
b0 #
0o
1N
0I
0H
#17080000
0!
0%
#17085000
1!
1%
b1 t
b11001000 '
b10 (
b10 #
1n
0N
1I
1H
#17090000
0!
0%
#17095000
1!
1%
b0 t
b1100100 '
b0 (
b0 #
0n
1M
0L
1J
0H
#17100000
0!
0%
#17105000
1!
1%
b1 q
b0 r
b11001000 '
b1 *
0M
1L
0J
1H
b1 $
#17110000
0!
0%
#17115000
1!
1%
b0 q
b1110111000010110 s
b110010 '
b0 *
1N
0L
1K
1J
0I
0H
b0 $
#17120000
0!
0%
#17125000
1!
1%
b1110111001001000 s
b10100 '
0N
1M
0J
#17130000
0!
0%
#17135000
1!
1%
b1110111001011100 s
#17140000
0!
0%
#17145000
1!
1%
b1110111001110000 s
b110010 '
1N
0M
1J
#17150000
0!
0%
#17155000
1!
1%
b1110111010100010 s
#17160000
0!
0%
#17165000
1!
1%
b1110111011010100 s
b10100 '
0N
1M
0J
#17170000
0!
0%
#17175000
1!
1%
b1110111011101000 s
#17180000
0!
0%
#17185000
1!
1%
b1110111011111100 s
b1010 '
1N
0M
1L
0K
#17190000
0!
0%
#17195000
1!
1%
b1110111100000110 s
b10100 '
0N
1M
0L
1K
#17200000
0!
0%
#17205000
1!
1%
b1110111100011010 s
b1100100 '
0K
1J
1I
#17210000
0!
0%
#17215000
1!
1%
b1110111101111110 s
b1010 '
1N
0M
1L
0J
0I
#17220000
0!
0%
#17225000
1!
1%
b1110111110001000 s
b110010 '
0L
1K
1J
#17230000
0!
0%
#17235000
1!
1%
b1110111110111010 s
b1100100 '
0N
1M
0K
1I
#17240000
0!
0%
#17245000
1!
1%
b1111000000011110 s
b110010 '
b10 (
b10 #
1n
1N
0M
1K
0I
#17250000
0!
0%
#17255000
1!
1%
b1111000001010000 s
b1110111111101100 s
b10 u
b10 t
b1 r
b10100 '
b0 (
b0 #
0n
0N
1M
0J
#17260000
0!
0%
#17265000
1!
1%
b1 t
b1100100 '
0K
1J
1I
#17270000
0!
0%
#17275000
1!
1%
b0 t
b1 (
b1 #
1o
#17280000
0!
0%
#17285000
1!
1%
b10 q
b0 r
b110010 '
b0 (
b0 #
b10 *
0o
1N
0M
1K
0I
b10 $
#17290000
0!
0%
#17295000
1!
1%
b0 q
b1111000000011110 s
b11001000 '
b0 *
0N
1L
0K
0J
1I
1H
b0 $
#17300000
0!
0%
#17305000
1!
1%
b1111000011100110 s
b110010 '
1N
0L
1K
1J
0I
0H
#17310000
0!
0%
#17315000
1!
1%
b1111000100011000 s
#17320000
0!
0%
#17325000
1!
1%
b1111000101001010 s
#17330000
0!
0%
#17335000
1!
1%
b1111000101111100 s
b11001000 '
0N
1L
0K
0J
1I
1H
#17340000
0!
0%
#17345000
1!
1%
b1111001001000100 s
b1010 '
b10 (
b10 #
1n
1N
0I
0H
#17350000
0!
0%
#17355000
1!
1%
b1111001001001110 s
b1111001000010010 s
b10 t
b1 r
b0 (
b0 #
0n
#17360000
0!
0%
#17365000
1!
1%
b1 t
b10100 '
0N
1M
0L
1K
#17370000
0!
0%
#17375000
1!
1%
b0 t
b1100100 '
0K
1J
1I
#17380000
0!
0%
#17385000
1!
1%
b10 q
b0 r
b11001000 '
b10 *
0M
1L
0J
1H
b10 $
#17390000
0!
0%
#17395000
1!
1%
b0 q
b1111001011011010 s
b10100 '
b0 *
1M
0L
1K
0I
0H
b0 $
#17400000
0!
0%
#17405000
1!
1%
b1111001011101110 s
b1010 '
1N
0M
1L
0K
#17410000
0!
0%
#17415000
1!
1%
b1111001011111000 s
b10100 '
b1 (
b1 #
1o
0N
1M
0L
1K
#17420000
0!
0%
#17425000
1!
1%
b1111001100001100 s
b1111001011011010 s
b1 u
b10 t
b1 r
b1010 '
b0 (
b0 #
0o
1N
0M
1L
0K
#17430000
0!
0%
#17435000
1!
1%
b1 t
b10100 '
0N
1M
0L
1K
#17440000
0!
0%
#17445000
1!
1%
b0 t
b1100100 '
0K
1J
1I
#17450000
0!
0%
#17455000
1!
1%
b1 q
b0 r
b11001000 '
b1 (
b1 #
b1 *
1o
0M
1L
0J
1H
b1 $
#17460000
0!
0%
#17465000
1!
1%
b0 q
b1111001110100010 s
b1111001010111100 s
b10 t
b1 r
b1010 '
b0 (
b0 #
b0 *
0o
1N
0I
0H
b0 $
#17470000
0!
0%
#17475000
1!
1%
b1 t
b10100 '
b10 (
b10 #
1n
0N
1M
0L
1K
#17480000
0!
0%
#17485000
1!
1%
b0 t
b0 (
b0 #
0n
#17490000
0!
0%
#17495000
1!
1%
b1 q
b0 r
b1100100 '
b1 *
0K
1J
1I
b1 $
#17500000
0!
0%
#17505000
1!
1%
b0 q
b1111001100100000 s
b10100 '
b0 *
1K
0J
0I
b0 $
#17510000
0!
0%
#17515000
1!
1%
b1111001100110100 s
b1100100 '
0K
1J
1I
#17520000
0!
0%
#17525000
1!
1%
b1111001110011000 s
b10 (
b10 #
1n
#17530000
0!
0%
#17535000
1!
1%
b1111001111111100 s
b1111001101100110 s
b10 u
b10 t
b1 r
b10100 '
b0 (
b0 #
0n
1K
0J
0I
#17540000
0!
0%
#17545000
1!
1%
b1 t
b110010 '
b1 (
b1 #
1o
1N
0M
1J
#17550000
0!
0%
#17555000
1!
1%
b0 t
b0 (
b0 #
0o
#17560000
0!
0%
#17565000
1!
1%
b10 q
b0 r
b10 *
b10 $
#17570000
0!
0%
#17575000
1!
1%
b0 q
b1111001110011000 s
b11001000 '
b0 *
0N
1L
0K
0J
1I
1H
b0 $
#17580000
0!
0%
#17585000
1!
1%
b1111010001100000 s
#17590000
0!
0%
#17595000
1!
1%
b1111010100101000 s
b1010 '
b10 (
b10 #
1n
1N
0I
0H
#17600000
0!
0%
#17605000
1!
1%
b1111010100110010 s
b1111010011110110 s
b10 t
b1 r
b1100100 '
b0 (
b0 #
0n
0N
1M
0L
1J
1I
#17610000
0!
0%
#17615000
1!
1%
b1 t
b1 (
b1 #
1o
#17620000
0!
0%
#17625000
1!
1%
b0 t
b110010 '
b0 (
b0 #
0o
1N
0M
1K
0I
#17630000
0!
0%
#17635000
1!
1%
b10 q
b0 r
b10100 '
b10 *
0N
1M
0J
b10 $
#17640000
0!
0%
#17645000
1!
1%
b0 q
b1111010100001010 s
b110010 '
b0 *
1N
0M
1J
b0 $
#17650000
0!
0%
#17655000
1!
1%
b1111010100111100 s
b10100 '
b1 (
b1 #
1o
0N
1M
0J
#17660000
0!
0%
#17665000
1!
1%
b1111010101010000 s
b1111010100011110 s
b1 u
b10 t
b1 r
b1100100 '
b0 (
b0 #
0o
0K
1J
1I
#17670000
0!
0%
#17675000
1!
1%
b1 t
b10100 '
1K
0J
0I
#17680000
0!
0%
#17685000
1!
1%
b0 t
b110010 '
1N
0M
1J
#17690000
0!
0%
#17695000
1!
1%
b1 q
b0 r
b1010 '
b1 *
1L
0K
0J
b1 $
#17700000
0!
0%
#17705000
1!
1%
b0 q
b1111010100101000 s
b110010 '
b0 *
0L
1K
1J
b0 $
#17710000
0!
0%
#17715000
1!
1%
b1111010101011010 s
b1010 '
1L
0K
0J
#17720000
0!
0%
#17725000
1!
1%
b1111010101100100 s
b10100 '
0N
1M
0L
1K
#17730000
0!
0%
#17735000
1!
1%
b1111010101111000 s
#17740000
0!
0%
#17745000
1!
1%
b1111010110001100 s
#17750000
0!
0%
#17755000
1!
1%
b1111010110100000 s
b1010 '
b1 (
b1 #
1o
1N
0M
1L
0K
#17760000
0!
0%
#17765000
1!
1%
b1111010110101010 s
b1111010110000010 s
b10 t
b1 r
b1100100 '
b0 (
b0 #
0o
0N
1M
0L
1J
1I
#17770000
0!
0%
#17775000
1!
1%
b1 t
b10 (
b10 #
1n
#17780000
0!
0%
#17785000
1!
1%
b0 t
b0 (
b0 #
0n
#17790000
0!
0%
#17795000
1!
1%
b1 q
b0 r
b10 (
b10 #
b1 *
1n
b1 $
#17800000
0!
0%
#17805000
1!
1%
b0 q
b1111010111100110 s
b1111010101010000 s
b10 u
b10 t
b1 r
b1010 '
b0 (
b0 #
b0 *
0n
1N
0M
1L
0J
0I
b0 $
#17810000
0!
0%
#17815000
1!
1%
b1 t
b11001000 '
0N
1I
1H
#17820000
0!
0%
#17825000
1!
1%
b0 t
b1010 '
1N
0I
0H
#17830000
0!
0%
#17835000
1!
1%
b10 q
b0 r
b110010 '
b10 *
0L
1K
1J
b10 $
#17840000
0!
0%
#17845000
1!
1%
b0 q
b1111010110000010 s
b11001000 '
b0 *
0N
1L
0K
0J
1I
1H
b0 $
#17850000
0!
0%
#17855000
1!
1%
b1111011001001010 s
#17860000
0!
0%
#17865000
1!
1%
b1111011100010010 s
b1100100 '
b1 (
b1 #
1o
1M
0L
1J
0H
#17870000
0!
0%
#17875000
1!
1%
b1111011101110110 s
b1111011011110100 s
b1 u
b10 t
b1 r
#17880000
0!
0%
#17885000
1!
1%
b1 t
b10100 '
b0 (
b0 #
0o
1K
0J
0I
#17890000
0!
0%
#17895000
1!
1%
b0 t
b1100100 '
0K
1J
1I
#17900000
0!
0%
#17905000
1!
1%
b1 q
b0 r
b1 *
b1 $
#17910000
0!
0%
#17915000
1!
1%
b0 q
b1111011101011000 s
b110010 '
b0 *
1N
0M
1K
0I
b0 $
#17920000
0!
0%
#17925000
1!
1%
b1111011110001010 s
b11001000 '
0N
1L
0K
0J
1I
1H
#17930000
0!
0%
#17935000
1!
1%
b1111100001010010 s
b1010 '
1N
0I
0H
#17940000
0!
0%
#17945000
1!
1%
b1111100001011100 s
#17950000
0!
0%
#17955000
1!
1%
b1111100001100110 s
b1100100 '
0N
1M
0L
1J
1I
#17960000
0!
0%
#17965000
1!
1%
b1111100011001010 s
b10100 '
1K
0J
0I
#17970000
0!
0%
#17975000
1!
1%
b1111100011011110 s
b1100100 '
b1 (
b1 #
1o
0K
1J
1I
#17980000
0!
0%
#17985000
1!
1%
b1111100101000010 s
b1111100011000000 s
b10 t
b1 r
b10100 '
b0 (
b0 #
0o
1K
0J
0I
#17990000
0!
0%
#17995000
1!
1%
b1 t
b11001000 '
b10 (
b10 #
1n
0M
1L
0K
1I
1H
#18000000
0!
0%
#18005000
1!
1%
b0 t
b10100 '
b0 (
b0 #
0n
1M
0L
1K
0I
0H
#18010000
0!
0%
#18015000
1!
1%
b1 q
b0 r
b1100100 '
b1 *
0K
1J
1I
b1 $
#18020000
0!
0%
#18025000
1!
1%
b0 q
b1111100100100100 s
b110010 '
b0 *
1N
0M
1K
0I
b0 $
#18030000
0!
0%
#18035000
1!
1%
b1111100101010110 s
b1010 '
1L
0K
0J
#18040000
0!
0%
#18045000
1!
1%
b1111100101100000 s
b10100 '
0N
1M
0L
1K
#18050000
0!
0%
#18055000
1!
1%
b1111100101110100 s
b1010 '
1N
0M
1L
0K
#18060000
0!
0%
#18065000
1!
1%
b1111100101111110 s
b10 (
b10 #
1n
#18070000
0!
0%
#18075000
1!
1%
b1111100110001000 s
b1111100101001100 s
b10 u
b10 t
b1 r
b110010 '
b0 (
b0 #
0n
0L
1K
1J
#18080000
0!
0%
#18085000
1!
1%
b1 t
b1010 '
1L
0K
0J
#18090000
0!
0%
#18095000
1!
1%
b0 t
b10100 '
0N
1M
0L
1K
#18100000
0!
0%
#18105000
1!
1%
b10 q
b0 r
b1010 '
b10 *
1N
0M
1L
0K
b10 $
#18110000
0!
0%
#18115000
1!
1%
b0 q
b1111100101010110 s
b110010 '
b0 *
0L
1K
1J
b0 $
#18120000
0!
0%
#18125000
1!
1%
b1111100110001000 s
b11001000 '
0N
1L
0K
0J
1I
1H
#18130000
0!
0%
#18135000
1!
1%
b1111101001010000 s
b10100 '
1M
0L
1K
0I
0H
#18140000
0!
0%
#18145000
1!
1%
b1111101001100100 s
b1010 '
1N
0M
1L
0K
#18150000
0!
0%
#18155000
1!
1%
b1111101001101110 s
b1100100 '
b10 (
b10 #
1n
0N
1M
0L
1J
1I
#18160000
0!
0%
#18165000
1!
1%
b1111101011010010 s
b1111101000111100 s
b10 t
b1 r
b0 (
b0 #
0n
#18170000
0!
0%
#18175000
1!
1%
b1 t
b11001000 '
0M
1L
0J
1H
#18180000
0!
0%
#18185000
1!
1%
b0 t
b1100100 '
1M
0L
1J
0H
#18190000
0!
0%
#18195000
1!
1%
b10 q
b0 r
b11001000 '
b10 *
0M
1L
0J
1H
b10 $
#18200000
0!
0%
#18205000
1!
1%
b0 q
b1111101100000100 s
b1100100 '
b10 (
b10 #
b0 *
1n
1M
0L
1J
0H
b0 $
#18210000
0!
0%
#18215000
1!
1%
b1111101101101000 s
b1111101011010010 s
b10 t
b1 r
b1010 '
b0 (
b0 #
0n
1N
0M
1L
0J
0I
#18220000
0!
0%
#18225000
1!
1%
b1 t
b110010 '
0L
1K
1J
#18230000
0!
0%
#18235000
1!
1%
b0 t
b0 '
0N
0K
0J
#18240000
0!
0%
#18245000
1!
1%
b10 q
b0 r
b1010 '
b10 (
b10 #
b10 *
1n
1N
1L
b10 $
#18250000
0!
0%
#18255000
1!
1%
b0 q
b1111101011011100 s
b1111101010100000 s
b10 t
b1 r
b11001000 '
b0 (
b0 #
b0 *
0n
0N
1I
1H
b0 $
#18260000
0!
0%
#18265000
1!
1%
b1 t
b110010 '
1N
0L
1K
1J
0I
0H
#18270000
0!
0%
#18275000
1!
1%
b0 t
b11001000 '
0N
1L
0K
0J
1I
1H
#18280000
0!
0%
#18285000
1!
1%
b10 q
b0 r
b10100 '
b10 *
1M
0L
1K
0I
0H
b10 $
#18290000
0!
0%
#18295000
1!
1%
b0 q
b1111101010110100 s
b0 *
b0 $
#18300000
0!
0%
#18305000
1!
1%
b1111101011001000 s
b1010 '
1N
0M
1L
0K
#18310000
0!
0%
#18315000
1!
1%
b1111101011010010 s
b10100 '
0N
1M
0L
1K
#18320000
0!
0%
#18325000
1!
1%
b1111101011100110 s
b1100100 '
0K
1J
1I
#18330000
0!
0%
#18335000
1!
1%
b1111101101001010 s
b1010 '
1N
0M
1L
0J
0I
#18340000
0!
0%
#18345000
1!
1%
b1111101101010100 s
b10100 '
0N
1M
0L
1K
#18350000
0!
0%
#18355000
1!
1%
b1111101101101000 s
b1100100 '
0K
1J
1I
#18360000
0!
0%
#18365000
1!
1%
b1111101111001100 s
b110010 '
1N
0M
1K
0I
#18370000
0!
0%
#18375000
1!
1%
b1111101111111110 s
b10100 '
0N
1M
0J
#18380000
0!
0%
#18385000
1!
1%
b1111110000010010 s
b1100100 '
0K
1J
1I
#18390000
0!
0%
#18395000
1!
1%
b1111110001110110 s
#18400000
0!
0%
#18405000
1!
1%
b1111110011011010 s
b10100 '
1K
0J
0I
#18410000
0!
0%
#18415000
1!
1%
b1111110011101110 s
b1010 '
1N
0M
1L
0K
#18420000
0!
0%
#18425000
1!
1%
b1111110011111000 s
#18430000
0!
0%
#18435000
1!
1%
b1111110100000010 s
b10100 '
0N
1M
0L
1K
#18440000
0!
0%
#18445000
1!
1%
b1111110100010110 s
b1100100 '
b1 (
b1 #
1o
0K
1J
1I
#18450000
0!
0%
#18455000
1!
1%
b1111110101111010 s
b1111110011111000 s
b1 u
b10 t
b1 r
b1010 '
b0 (
b0 #
0o
1N
0M
1L
0J
0I
#18460000
0!
0%
#18465000
1!
1%
b1 t
#18470000
0!
0%
#18475000
1!
1%
b0 t
b11001000 '
b10 (
b10 #
1n
0N
1I
1H
#18480000
0!
0%
#18485000
1!
1%
b1 q
b0 r
b1100100 '
b0 (
b0 #
b1 *
0n
1M
0L
1J
0H
b1 $
#18490000
0!
0%
#18495000
1!
1%
b0 q
b1111110101011100 s
b11001000 '
b0 *
0M
1L
0J
1H
b0 $
#18500000
0!
0%
#18505000
1!
1%
b1111111000100100 s
b10100 '
1M
0L
1K
0I
0H
#18510000
0!
0%
#18515000
1!
1%
b1111111000111000 s
b1100100 '
0K
1J
1I
#18520000
0!
0%
#18525000
1!
1%
b1111111010011100 s
b11001000 '
b1 (
b1 #
1o
0M
1L
0J
1H
#18530000
0!
0%
#18535000
1!
1%
b1111111101100100 s
b1111111001111110 s
b10 t
b1 r
b0 '
b0 (
b0 #
0o
0L
0I
0H
#18540000
0!
0%
#18545000
1!
1%
b1 t
b11001000 '
1L
1I
1H
#18550000
0!
0%
#18555000
1!
1%
b0 t
#18560000
0!
0%
#18565000
1!
1%
b1 q
b0 r
b0 '
b1 *
0L
0I
0H
b1 $
#18570000
0!
0%
#18575000
1!
1%
b0 q
b11001000 '
b0 *
1L
1I
1H
b0 $
#18580000
0!
0%
#18585000
1!
1%
b1111111101000110 s
#18590000
0!
0%
#18595000
1!
1%
b10000000000001110 s
#18600000
0!
0%
#18605000
1!
1%
b10000000011010110 s
b1010 '
1N
0I
0H
#18610000
0!
0%
#18615000
1!
1%
b10000000011100000 s
#18620000
0!
0%
#18625000
1!
1%
b10000000011101010 s
b1100100 '
0N
1M
0L
1J
1I
#18630000
0!
0%
#18635000
1!
1%
b10000000101001110 s
#18640000
0!
0%
#18645000
1!
1%
b10000000110110010 s
#18650000
0!
0%
#18655000
1!
1%
b10000001000010110 s
b11001000 '
0M
1L
0J
1H
#18660000
0!
0%
#18665000
1!
1%
b10000001011011110 s
b1100100 '
1M
0L
1J
0H
#18670000
0!
0%
#18675000
1!
1%
b10000001101000010 s
b110010 '
1N
0M
1K
0I
#18680000
0!
0%
#18685000
1!
1%
b10000001101110100 s
#18690000
0!
0%
#18695000
1!
1%
b10000001110100110 s
b10100 '
0N
1M
0J
#18700000
0!
0%
#18705000
1!
1%
b10000001110111010 s
b1010 '
1N
0M
1L
0K
#18710000
0!
0%
#18715000
1!
1%
b10000001111000100 s
b110010 '
0L
1K
1J
#18720000
0!
0%
#18725000
1!
1%
b10000001111110110 s
b1010 '
b10 (
b10 #
1n
1L
0K
0J
#18730000
0!
0%
#18735000
1!
1%
b10000010000000000 s
b10000001111000100 s
b10 u
b10 t
b1 r
b11001000 '
b0 (
b0 #
0n
0N
1I
1H
#18740000
0!
0%
#18745000
1!
1%
b1 t
b1010 '
1N
0I
0H
#18750000
0!
0%
#18755000
1!
1%
b0 t
#18760000
0!
0%
#18765000
1!
1%
b10 q
b0 r
b110010 '
b10 *
0L
1K
1J
b10 $
#18770000
0!
0%
#18775000
1!
1%
b0 q
b10000001111110110 s
b1010 '
b1 (
b1 #
b0 *
1o
1L
0K
0J
b0 $
#18780000
0!
0%
#18785000
1!
1%
b10000010000000000 s
b10000001111011000 s
b1 u
b10 t
b1 r
b11001000 '
b0 (
b0 #
0o
0N
1I
1H
#18790000
0!
0%
#18795000
1!
1%
b1 t
b1010 '
1N
0I
0H
#18800000
0!
0%
#18805000
1!
1%
b0 t
b11001000 '
0N
1I
1H
#18810000
0!
0%
#18815000
1!
1%
b1 q
b0 r
b1 *
b1 $
#18820000
0!
0%
#18825000
1!
1%
b0 q
b10000010010100000 s
b110010 '
b0 *
1N
0L
1K
1J
0I
0H
b0 $
#18830000
0!
0%
#18835000
1!
1%
b10000010011010010 s
#18840000
0!
0%
#18845000
1!
1%
b10000010100000100 s
b0 '
0N
0K
0J
#18850000
0!
0%
#18855000
1!
1%
b110010 '
1N
1K
1J
#18860000
0!
0%
#18865000
1!
1%
b10000010100110110 s
b10100 '
0N
1M
0J
#18870000
0!
0%
#18875000
1!
1%
b10000010101001010 s
b1010 '
1N
0M
1L
0K
#18880000
0!
0%
#18885000
1!
1%
b10000010101010100 s
b110010 '
b1 (
b1 #
1o
0L
1K
1J
#18890000
0!
0%
#18895000
1!
1%
b10000010110000110 s
b10000010100110110 s
b10 t
b1 r
b1010 '
b0 (
b0 #
0o
1L
0K
0J
#18900000
0!
0%
#18905000
1!
1%
b1 t
b110010 '
0L
1K
1J
#18910000
0!
0%
#18915000
1!
1%
b0 t
b1010 '
1L
0K
0J
#18920000
0!
0%
#18925000
1!
1%
b1 q
b0 r
b1100100 '
b1 *
0N
1M
0L
1J
1I
b1 $
#18930000
0!
0%
#18935000
1!
1%
b0 q
b10000010110011010 s
b10100 '
b10 (
b10 #
b0 *
1n
1K
0J
0I
b0 $
#18940000
0!
0%
#18945000
1!
1%
b10000010110101110 s
b10000010101101000 s
b10 u
b10 t
b1 r
b11001000 '
b0 (
b0 #
0n
0M
1L
0K
1I
1H
#18950000
0!
0%
#18955000
1!
1%
b1 t
b10100 '
1M
0L
1K
0I
0H
#18960000
0!
0%
#18965000
1!
1%
b0 t
b11001000 '
b1 (
b1 #
1o
0M
1L
0K
1I
1H
#18970000
0!
0%
#18975000
1!
1%
b10 q
b0 r
b10100 '
b0 (
b0 #
b10 *
0o
1M
0L
1K
0I
0H
b10 $
#18980000
0!
0%
#18985000
1!
1%
b0 q
b10000010101111100 s
b1100100 '
b0 *
0K
1J
1I
b0 $
#18990000
0!
0%
#18995000
1!
1%
b10000010111100000 s
#19000000
0!
0%
#19005000
1!
1%
b10000011001000100 s
b10100 '
1K
0J
0I
#19010000
0!
0%
#19015000
1!
1%
b10000011001011000 s
b1010 '
1N
0M
1L
0K
#19020000
0!
0%
#19025000
1!
1%
b10000011001100010 s
b11001000 '
0N
1I
1H
#19030000
0!
0%
#19035000
1!
1%
b10000011100101010 s
b110010 '
1N
0L
1K
1J
0I
0H
#19040000
0!
0%
#19045000
1!
1%
b10000011101011100 s
b10100 '
0N
1M
0J
#19050000
0!
0%
#19055000
1!
1%
b10000011101110000 s
b11001000 '
0M
1L
0K
1I
1H
#19060000
0!
0%
#19065000
1!
1%
b10000100000111000 s
b1010 '
1N
0I
0H
#19070000
0!
0%
#19075000
1!
1%
b10000100001000010 s
b110010 '
0L
1K
1J
#19080000
0!
0%
#19085000
1!
1%
b10000100001110100 s
b1100100 '
0N
1M
0K
1I
#19090000
0!
0%
#19095000
1!
1%
b10000100011011000 s
b1010 '
1N
0M
1L
0J
0I
#19100000
0!
0%
#19105000
1!
1%
b10000100011100010 s
b1100100 '
0N
1M
0L
1J
1I
#19110000
0!
0%
#19115000
1!
1%
b10000100101000110 s
b1010 '
1N
0M
1L
0J
0I
#19120000
0!
0%
#19125000
1!
1%
b10000100101010000 s
b1100100 '
0N
1M
0L
1J
1I
#19130000
0!
0%
#19135000
1!
1%
b10000100110110100 s
b1010 '
1N
0M
1L
0J
0I
#19140000
0!
0%
#19145000
1!
1%
b10000100110111110 s
#19150000
0!
0%
#19155000
1!
1%
b10000100111001000 s
b10100 '
b10 (
b10 #
1n
0N
1M
0L
1K
#19160000
0!
0%
#19165000
1!
1%
b10000100111011100 s
b10000100110010110 s
b10 t
b1 r
b1010 '
1N
0M
1L
0K
#19170000
0!
0%
#19175000
1!
1%
b1 t
b1100100 '
b0 (
b0 #
0n
0N
1M
0L
1J
1I
#19180000
0!
0%
#19185000
1!
1%
b0 t
b10100 '
1K
0J
0I
#19190000
0!
0%
#19195000
1!
1%
b10 q
b0 r
b10 *
b10 $
#19200000
0!
0%
#19205000
1!
1%
b0 q
b10000100110101010 s
b0 *
b0 $
#19210000
0!
0%
#19215000
1!
1%
b10000100110111110 s
b1100100 '
0K
1J
1I
#19220000
0!
0%
#19225000
1!
1%
b10000101000100010 s
#19230000
0!
0%
#19235000
1!
1%
b10000101010000110 s
b1010 '
1N
0M
1L
0J
0I
#19240000
0!
0%
#19245000
1!
1%
b10000101010010000 s
#19250000
0!
0%
#19255000
1!
1%
b10000101010011010 s
b110010 '
0L
1K
1J
#19260000
0!
0%
#19265000
1!
1%
b10000101011001100 s
b11001000 '
0N
1L
0K
0J
1I
1H
#19270000
0!
0%
#19275000
1!
1%
b10000101110010100 s
b1100100 '
1M
0L
1J
0H
#19280000
0!
0%
#19285000
1!
1%
b10000101111111000 s
b110010 '
b1 (
b1 #
1o
1N
0M
1K
0I
#19290000
0!
0%
#19295000
1!
1%
b10000110000101010 s
b10000101111011010 s
b1 u
b10 t
b1 r
b1010 '
b10 (
b10 #
0o
1n
1L
0K
0J
#19300000
0!
0%
#19305000
1!
1%
b1 t
b10100 '
b0 (
b0 #
0n
0N
1M
0L
1K
#19310000
0!
0%
#19315000
1!
1%
b0 t
b110010 '
1N
0M
1J
#19320000
0!
0%
#19325000
1!
1%
b1 q
b0 r
b10100 '
b1 *
0N
1M
0J
b1 $
#19330000
0!
0%
#19335000
1!
1%
b0 q
b10000101111101110 s
b1010 '
b0 *
1N
0M
1L
0K
b0 $
#19340000
0!
0%
#19345000
1!
1%
b10000101111111000 s
b1100100 '
0N
1M
0L
1J
1I
#19350000
0!
0%
#19355000
1!
1%
b10000110001011100 s
#19360000
0!
0%
#19365000
1!
1%
b10000110011000000 s
b110010 '
1N
0M
1K
0I
#19370000
0!
0%
#19375000
1!
1%
b10000110011110010 s
b10100 '
b10 (
b10 #
1n
0N
1M
0J
#19380000
0!
0%
#19385000
1!
1%
b10000110100000110 s
b10000110011000000 s
b10 u
b10 t
b1 r
b1010 '
b0 (
b0 #
0n
1N
0M
1L
0K
#19390000
0!
0%
#19395000
1!
1%
b1 t
b11001000 '
0N
1I
1H
#19400000
0!
0%
#19405000
1!
1%
b0 t
b110010 '
b1 (
b1 #
1o
1N
0L
1K
1J
0I
0H
#19410000
0!
0%
#19415000
1!
1%
b10 q
b0 r
b11001000 '
b10 (
b10 #
b10 *
0o
1n
0N
1L
0K
0J
1I
1H
b10 $
#19420000
0!
0%
#19425000
1!
1%
b0 q
b10000110110001000 s
b10000110010001110 s
b10 t
b1 r
b0 '
b0 *
0L
0I
0H
b0 $
#19430000
0!
0%
#19435000
1!
1%
b1 t
b110010 '
b0 (
b0 #
0n
1N
1K
1J
#19440000
0!
0%
#19445000
1!
1%
b0 t
#19450000
0!
0%
#19455000
1!
1%
b10 q
b0 r
b11001000 '
b10 *
0N
1L
0K
0J
1I
1H
b10 $
#19460000
0!
0%
#19465000
1!
1%
b0 q
b10000110101010110 s
b110010 '
b0 *
1N
0L
1K
1J
0I
0H
b0 $
#19470000
0!
0%
#19475000
1!
1%
b10000110110001000 s
b11001000 '
0N
1L
0K
0J
1I
1H
#19480000
0!
0%
#19485000
1!
1%
b10000111001010000 s
b10100 '
b1 (
b1 #
1o
1M
0L
1K
0I
0H
#19490000
0!
0%
#19495000
1!
1%
b10000111001100100 s
b10000111000110010 s
b1 u
b10 t
b1 r
b0 (
b0 #
0o
#19500000
0!
0%
#19505000
1!
1%
b1 t
b1010 '
b10 (
b10 #
1n
1N
0M
1L
0K
#19510000
0!
0%
#19515000
1!
1%
b0 t
b0 (
b0 #
0n
#19520000
0!
0%
#19525000
1!
1%
b1 q
b0 r
b110010 '
b1 *
0L
1K
1J
b1 $
#19530000
0!
0%
#19535000
1!
1%
b0 q
b10000111001100100 s
b0 *
b0 $
#19540000
0!
0%
#19545000
1!
1%
b10000111010010110 s
b11001000 '
0N
1L
0K
0J
1I
1H
#19550000
0!
0%
#19555000
1!
1%
b10000111101011110 s
b1100100 '
1M
0L
1J
0H
#19560000
0!
0%
#19565000
1!
1%
b10000111111000010 s
b10100 '
1K
0J
0I
#19570000
0!
0%
#19575000
1!
1%
b10000111111010110 s
b1010 '
1N
0M
1L
0K
#19580000
0!
0%
#19585000
1!
1%
b10000111111100000 s
b10100 '
b1 (
b1 #
1o
0N
1M
0L
1K
#19590000
0!
0%
#19595000
1!
1%
b10000111111110100 s
b10000111111000010 s
b10 t
b1 r
b0 (
b0 #
0o
#19600000
0!
0%
#19605000
1!
1%
b1 t
b0 '
0M
0K
#19610000
0!
0%
#19615000
1!
1%
b0 t
b110010 '
1N
1K
1J
#19620000
0!
0%
#19625000
1!
1%
b1 q
b0 r
b1 *
b1 $
#19630000
0!
0%
#19635000
1!
1%
b0 q
b10000111111110100 s
b1010 '
b0 *
1L
0K
0J
b0 $
#19640000
0!
0%
#19645000
1!
1%
b10000111111111110 s
b110010 '
0L
1K
1J
#19650000
0!
0%
#19655000
1!
1%
b10001000000110000 s
#19660000
0!
0%
#19665000
1!
1%
b10001000001100010 s
b10100 '
b1 (
b1 #
1o
0N
1M
0J
#19670000
0!
0%
#19675000
1!
1%
b10001000001110110 s
b10001000001000100 s
b10 t
b1 r
b1010 '
b0 (
b0 #
0o
1N
0M
1L
0K
#19680000
0!
0%
#19685000
1!
1%
b1 t
b11001000 '
0N
1I
1H
#19690000
0!
0%
#19695000
1!
1%
b0 t
#19700000
0!
0%
#19705000
1!
1%
b1 q
b0 r
b1010 '
b1 *
1N
0I
0H
b1 $
#19710000
0!
0%
#19715000
1!
1%
b0 q
b10001000001001110 s
b1100100 '
b0 *
0N
1M
0L
1J
1I
b0 $
#19720000
0!
0%
#19725000
1!
1%
b10001000010110010 s
#19730000
0!
0%
#19735000
1!
1%
b10001000100010110 s
b1010 '
1N
0M
1L
0J
0I
#19740000
0!
0%
#19745000
1!
1%
b10001000100100000 s
b1100100 '
0N
1M
0L
1J
1I
#19750000
0!
0%
#19755000
1!
1%
b10001000110000100 s
b10 (
b10 #
1n
#19760000
0!
0%
#19765000
1!
1%
b10001000111101000 s
b10001000101010010 s
b10 u
b10 t
b1 r
b110010 '
b0 (
b0 #
0n
1N
0M
1K
0I
#19770000
0!
0%
#19775000
1!
1%
b1 t
b10100 '
b10 (
b10 #
1n
0N
1M
0J
#19780000
0!
0%
#19785000
1!
1%
b0 t
b0 (
b0 #
0n
#19790000
0!
0%
#19795000
1!
1%
b10 q
b0 r
b1100100 '
b1 (
b1 #
b10 *
1o
0K
1J
1I
b10 $
#19800000
0!
0%
#19805000
1!
1%
b0 q
b10001000110110110 s
b10001000100110100 s
b1 u
b10 t
b1 r
b0 (
b0 #
b0 *
0o
b0 $
#19810000
0!
0%
#19815000
1!
1%
b1 t
b110010 '
1N
0M
1K
0I
#19820000
0!
0%
#19825000
1!
1%
b0 t
b11001000 '
0N
1L
0K
0J
1I
1H
#19830000
0!
0%
#19835000
1!
1%
b1 q
b0 r
b1100100 '
b1 *
1M
0L
1J
0H
b1 $
#19840000
0!
0%
#19845000
1!
1%
b0 q
b10001000110011000 s
b110010 '
b0 *
1N
0M
1K
0I
b0 $
#19850000
0!
0%
#19855000
1!
1%
b10001000111001010 s
b11001000 '
0N
1L
0K
0J
1I
1H
#19860000
0!
0%
#19865000
1!
1%
b10001001010010010 s
b1010 '
1N
0I
0H
#19870000
0!
0%
#19875000
1!
1%
b10001001010011100 s
b1100100 '
0N
1M
0L
1J
1I
#19880000
0!
0%
#19885000
1!
1%
b10001001100000000 s
#19890000
0!
0%
#19895000
1!
1%
b10001001101100100 s
b1010 '
1N
0M
1L
0J
0I
#19900000
0!
0%
#19905000
1!
1%
b10001001101101110 s
b110010 '
0L
1K
1J
#19910000
0!
0%
#19915000
1!
1%
b10001001110100000 s
b1010 '
1L
0K
0J
#19920000
0!
0%
#19925000
1!
1%
b10001001110101010 s
b110010 '
0L
1K
1J
#19930000
0!
0%
#19935000
1!
1%
b10001001111011100 s
b1100100 '
0N
1M
0K
1I
#19940000
0!
0%
#19945000
1!
1%
b10001010001000000 s
b1010 '
1N
0M
1L
0J
0I
#19950000
0!
0%
#19955000
1!
1%
b10001010001001010 s
b110010 '
0L
1K
1J
#19960000
0!
0%
#19965000
1!
1%
b10001010001111100 s
b1010 '
1L
0K
0J
#19970000
0!
0%
#19975000
1!
1%
b10001010010000110 s
b11001000 '
0N
1I
1H
#19980000
0!
0%
#19985000
1!
1%
b10001010101001110 s
b10100 '
1M
0L
1K
0I
0H
#19990000
0!
0%
#19995000
1!
1%
b10001010101100010 s
b1 (
b1 #
1o
#20000000
0!
0%
#20005000
1!
1%
b10001010101110110 s
b10001010101000100 s
b10 t
b1 r
b1010 '
b0 (
b0 #
0o
1N
0M
1L
0K
#20010000
0!
0%
#20015000
1!
1%
b1 t
b11001000 '
0N
1I
1H
#20020000
0!
0%
#20025000
1!
1%
b0 t
b0 '
0L
0I
0H
#20030000
0!
0%
#20035000
1!
1%
b1 q
b0 r
b1 *
b1 $
#20040000
0!
0%
#20045000
1!
1%
b0 q
b0 *
b0 $
#20050000
0!
0%
#20055000
1!
1%
#20060000
0!
0%
#20065000
1!
1%
#20070000
0!
0%
#20075000
1!
1%
#20080000
0!
0%
#20085000
1!
1%
#20090000
0!
0%
#20095000
1!
1%
#20100000
0!
0%
#20105000
1!
1%
#20110000
0!
0%
#20115000
1!
1%
#20120000
0!
0%
#20125000
1!
1%
#20130000
0!
0%
#20135000
1!
1%
#20140000
0!
0%
#20145000
1!
1%
#20150000
0!
0%
#20155000
1!
1%
#20160000
0!
0%
#20165000
1!
1%
#20170000
0!
0%
#20175000
1!
1%
#20180000
0!
0%
#20185000
1!
1%
#20190000
0!
0%
#20195000
1!
1%
#20200000
0!
0%
#20205000
1!
1%
#20210000
0!
0%
#20215000
1!
1%
#20220000
0!
0%
